-68.7699	0.00292289	0	0.000100452
-68.7355	0	0.0343674	0.000100452
-68.7011	0	0.0687347	0.000100452
-68.6668	0	0.103102	0.000100452
-68.6324	0	0.137469	0.000100452
-68.598	0	0.171837	0.000100452
-68.5637	0	0.206204	0.000100452
-68.5293	0	0.240571	0.000100452
-68.4949	0	0.274939	0.000100452
-68.4606	0	0.309306	0.000100452
-68.4262	0	0.343674	0.000100452
-68.3918	0	0.378041	0.000100452
-68.3575	0	0.412408	0.000100452
-68.3231	0	0.446776	0.000100452
-68.2887	0	0.481143	0.000100452
-68.2544	0	0.51551	0.000100452
-68.22	0	0.549878	0.000100452
-68.1856	0	0.584245	0.000100452
-68.1513	0	0.618612	0.000100452
-68.1169	0	0.65298	0.000100452
-68.0825	0	0.687347	0.000100452
-68.0482	0	0.721714	0.000100452
-68.0138	0	0.756082	0.000100452
-67.9794	0	0.790449	0.000100452
-67.9451	0	0.824816	0.000100452
-67.9107	0	0.859184	0.000100452
-67.8763	0	0.893551	0.000100452
-67.842	0	0.927919	0.000100452
-67.8076	0	0.962286	0.000100452
-67.7732	0	0.996653	0.000100452
-67.7389	0	1.03102	0.000100452
-67.7045	0	1.06539	0.000100452
-67.6701	0	1.09976	0.000100452
-67.6358	0	1.13412	0.000100452
-67.6014	0	1.16849	0.000100452
-67.567	0	1.20286	0.000100452
-67.5327	0	1.23722	0.000100452
-67.4983	0	1.27159	0.000100452
-67.4639	0	1.30596	0.000100452
-67.4296	0	1.34033	0.000100452
-67.3952	0	1.37469	0.000100452
-67.3608	0	1.40906	0.000100452
-67.3265	0	1.44343	0.000100452
-67.2921	0	1.4778	0.000100452
-67.2577	0	1.51216	0.000100452
-67.2234	0	1.54653	0.000100452
-67.189	0	1.5809	0.000100452
-67.1546	0	1.61527	0.000100452
-67.1202	0	1.64963	0.000100452
-67.0859	0	1.684	0.000100452
-67.0515	0	1.71837	0.000100452
-67.0172	0	1.75274	0.000100452
-66.9828	0	1.7871	0.000100452
-66.9484	0	1.82147	0.000100452
-66.914	0	1.85584	0.000100452
-66.8797	0	1.8902	0.000100452
-66.8453	0	1.92457	0.000100452
-66.8109	0	1.95894	0.000100452
-66.7766	0	1.99331	0.000100452
-66.7422	0	2.02767	0.000100452
-66.7078	0	2.06204	0.000100452
-66.6735	0	2.09641	0.000100452
-66.6391	0	2.13078	0.000100452
-66.6047	0	2.16514	0.000100452
-66.5704	0	2.19951	0.000100452
-66.536	0	2.23388	0.000100452
-66.5016	0	2.26825	0.000100452
-66.4673	0	2.30261	0.000100452
-66.4329	0	2.33698	0.000100452
-66.3985	0	2.37135	0.000100452
-66.3642	0	2.40571	0.000100452
-66.3298	0	2.44008	0.000100452
-66.2954	0	2.47445	0.000100452
-66.2611	0	2.50882	0.000100452
-66.2267	0	2.54318	0.000100452
-66.1923	0	2.57755	0.000100452
-66.158	0	2.61192	0.000100452
-66.1236	0	2.64629	0.000100452
-66.0892	0	2.68065	0.000100452
-66.0549	0	2.71502	0.000100452
-66.0205	0	2.74939	0.000100452
-65.9861	0	2.78376	0.000100452
-65.9518	0	2.81812	0.000100452
-65.9174	0	2.85249	0.000100452
-65.883	0	2.88686	0.000100452
-65.8487	0	2.92123	0.000100452
-65.8143	0	2.95559	0.000100452
-65.7799	0	2.98996	0.000100452
-65.7456	0	3.02433	0.000100452
-65.7112	0	3.05869	0.000100452
-65.6768	0	3.09306	0.000100452
-65.6425	0	3.12743	0.000100452
-65.6081	0	3.1618	0.000100452
-65.5737	0	3.19616	0.000100452
-65.5394	0	3.23053	0.000100452
-65.505	0	3.2649	0.000100452
-65.4706	0	3.29927	0.000100452
-65.4362	0	3.33363	0.000100452
-65.4019	0	3.368	0.000100452
-65.3675	0	3.40237	0.000100452
-65.3331	0	3.43674	0.000100452
-65.2988	0	3.4711	0.000100452
-65.2644	0	3.50547	0.000100452
-65.23	0	3.53984	0.000100452
-65.1957	0	3.5742	0.000100452
-65.1613	0	3.60857	0.000100452
-65.1269	0	3.64294	0.000100452
-65.0926	0	3.67731	0.000100452
-65.0582	0	3.71167	0.000100452
-65.0238	0	3.74604	0.000100452
-64.9895	0	3.78041	0.000100452
-64.9551	0	3.81478	0.000100452
-64.9207	0	3.84914	0.000100452
-64.8864	0	3.88351	0.000100452
-64.852	0	3.91788	0.000100452
-64.8176	0	3.95225	0.000100452
-64.7833	0	3.98661	0.000100452
-64.7489	0	4.02098	0.000100452
-64.7145	0	4.05535	0.000100452
-64.6802	0	4.08972	0.000100452
-64.6458	0	4.12408	0.000100452
-64.6114	0	4.15845	0.000100452
-64.5771	0	4.19282	0.000100452
-64.5427	0	4.22718	0.000100452
-64.5083	0	4.26155	0.000100452
-64.474	0	4.29592	0.000100452
-64.4396	0	4.33029	0.000100452
-64.4052	0	4.36465	0.000100452
-64.3709	0	4.39902	0.000100452
-64.3365	0	4.43339	0.000100452
-64.3021	0	4.46776	0.000100452
-64.2678	0	4.50212	0.000100452
-64.2334	0	4.53649	0.000100452
-64.199	0	4.57086	0.000100452
-64.1647	0	4.60523	0.000100452
-64.1303	0	4.63959	0.000100452
-64.0959	0	4.67396	0.000100452
-64.0616	0	4.70833	0.000100452
-64.0272	0	4.74269	0.000100452
-63.9928	0	4.77706	0.000100452
-63.9585	0	4.81143	0.000100452
-63.9241	0	4.8458	0.000100452
-63.8897	0	4.88016	0.000100452
-63.8554	0	4.91453	0.000100452
-63.821	0	4.9489	0.000100452
-63.7866	0	4.98327	0.000100452
-63.7522	0	5.01763	0.000100452
-63.7179	0	5.052	0.000100452
-63.6835	0	5.08637	0.000100452
-63.6491	0	5.12074	0.000100452
-63.6148	0	5.1551	0.000100452
-63.5804	0	5.18947	0.000100452
-63.546	0	5.22384	0.000100452
-63.5117	0	5.2582	0.000100452
-63.4773	0	5.29257	0.000100452
-63.4429	0	5.32694	0.000100452
-63.4086	0	5.36131	0.000100452
-63.3742	0	5.39567	0.000100452
-63.3398	0	5.43004	0.000100452
-63.3055	0	5.46441	0.000100452
-63.2711	0	5.49878	0.000100452
-63.2367	0	5.53314	0.000100452
-63.2024	0	5.56751	0.000100452
-63.168	0	5.60188	0.000100452
-63.1336	0	5.63625	0.000100452
-63.0993	0	5.67061	0.000100452
-63.0649	0	5.70498	0.000100452
-63.0305	0	5.73935	0.000100452
-62.9962	0	5.77372	0.000100452
-62.9618	0	5.80808	0.000100452
-62.9274	0	5.84245	0.000100452
-62.8931	0	5.87682	0.000100452
-62.8587	0	5.91118	0.000100452
-62.8243	0	5.94555	0.000100452
-62.79	0	5.97992	0.000100452
-62.7556	0	6.01429	0.000100452
-62.7212	0	6.04865	0.000100452
-62.6869	0	6.08302	0.000100452
-62.6525	0	6.11739	0.000100452
-62.6181	0	6.15176	0.000100452
-62.5838	0	6.18612	0.000100452
-62.5494	0	6.22049	0.000100452
-62.515	0	6.25486	0.000100452
-62.4807	0	6.28923	0.000100452
-62.4463	0	6.32359	0.000100452
-62.4119	0	6.35796	0.000100452
-62.3776	0	6.39233	0.000100452
-62.3432	0	6.42669	0.000100452
-62.3088	0	6.46106	0.000100452
-62.2745	0	6.49543	0.000100452
-62.2401	0	6.5298	0.000100452
-62.2057	0	6.56416	0.000100452
-62.1713	0	6.59853	0.000100452
-62.137	0	6.6329	0.000100452
-62.1026	0	6.66727	0.000100452
-62.0682	0	6.70163	0.000100452
-62.0339	0	6.736	0.000100452
-61.9995	0	6.77037	0.000100452
-61.9651	0	6.80474	0.000100452
-61.9308	0	6.8391	0.000100452
-61.8964	0	6.87347	0.000100452
-61.862	0	6.90784	0.000100452
-61.8277	0	6.94221	0.000100452
-61.7933	0	6.97657	0.000100452
-61.7589	0	7.01094	0.000100452
-61.7246	0	7.04531	0.000100452
-61.6902	0	7.07967	0.000100452
-61.6558	0	7.11404	0.000100452
-61.6215	0	7.14841	0.000100452
-61.5871	0	7.18278	0.000100452
-61.5527	0	7.21714	0.000100452
-61.5184	0	7.25151	0.000100452
-61.484	0	7.28588	0.000100452
-61.4496	0	7.32025	0.000100452
-61.4153	0	7.35461	0.000100452
-61.3809	0	7.38898	0.000100452
-61.3465	0	7.42335	0.000100452
-61.3122	0	7.45772	0.000100452
-61.2778	0	7.49208	0.000100452
-61.2434	0	7.52645	0.000100452
-61.2091	0	7.56082	0.000100452
-61.1747	0	7.59518	0.000100452
-61.1403	0	7.62955	0.000100452
-61.106	0	7.66392	0.000100452
-61.0716	0	7.69829	0.000100452
-61.0372	0	7.73265	0.000100452
-61.0029	0	7.76702	0.000100452
-60.9685	0	7.80139	0.000100452
-60.9341	0	7.83576	0.000100452
-60.8998	0	7.87012	0.000100452
-60.8654	0	7.90449	0.000100452
-60.831	0	7.93886	0.000100452
-60.7967	0	7.97323	0.000100452
-60.7623	0	8.00759	0.000100452
-60.7279	0	8.04196	0.000100452
-60.6936	0	8.07633	0.000100452
-60.6592	0	8.11069	0.000100452
-60.6248	0	8.14506	0.000100452
-60.5905	0	8.17943	0.000100452
-60.5561	0	8.2138	0.000100452
-60.5217	0	8.24817	0.000100452
-60.4874	0	8.28253	0.000100452
-60.453	0	8.3169	0.000100452
-60.4186	0	8.35127	0.000100452
-60.3842	0	8.38563	0.000100452
-60.3499	0	8.42	0.000100452
-60.3155	0	8.45437	0.000100452
-60.2811	0	8.48874	0.000100452
-60.2468	0	8.5231	0.000100452
-60.2124	0	8.55747	0.000100452
-60.178	0	8.59184	0.000100452
-60.1437	0	8.62621	0.000100452
-60.1093	0	8.66057	0.000100452
-60.0749	0	8.69494	0.000100452
-60.0406	0	8.72931	0.000100452
-60.0062	0	8.76367	0.000100452
-59.9718	0	8.79804	0.000100452
-59.9375	0	8.83241	0.000100452
-59.9031	0	8.86678	0.000100452
-59.8687	0	8.90114	0.000100452
-59.8344	0	8.93551	0.000100452
-59.8	0	8.96988	0.000100452
-59.7656	0	9.00425	0.000100452
-59.7313	0	9.03861	0.000100452
-59.6969	0	9.07298	0.000100452
-59.6625	0	9.10735	0.000100452
-59.6282	0	9.14172	0.000100452
-59.5938	0	9.17608	0.000100452
-59.5594	0	9.21045	0.000100452
-59.5251	0	9.24482	0.000100452
-59.4907	0	9.27919	0.000100452
-59.4563	0	9.31355	0.000100452
-59.422	0	9.34792	0.000100452
-59.3876	0	9.38229	0.000100452
-59.3532	0	9.41665	0.000100452
-59.3189	0	9.45102	0.000100452
-59.2845	0	9.48539	0.000100452
-59.2501	0	9.51976	0.000100452
-59.2158	0	9.55412	0.000100452
-59.1814	0	9.58849	0.000100452
-59.147	0	9.62286	0.000100452
-59.1127	0	9.65723	0.000100452
-59.0783	0	9.69159	0.000100452
-59.0439	0	9.72596	0.000100452
-59.0096	0	9.76033	0.000100452
-58.9752	0	9.7947	0.000100452
-58.9408	0	9.82906	0.000100452
-58.9065	0	9.86343	0.000100452
-58.8721	0	9.8978	0.000100452
-58.8377	0	9.93217	0.000100452
-58.8033	0	9.96653	0.000100452
-58.769	0	10.0009	0.000100452
-58.7346	0	10.0353	0.000100452
-58.7002	0	10.0696	0.000100452
-58.6659	0	10.104	0.000100452
-58.6315	0	10.1384	0.000100452
-58.5971	0	10.1727	0.000100452
-58.5628	0	10.2071	0.000100452
-58.5284	0	10.2415	0.000100452
-58.494	0	10.2758	0.000100452
-58.4597	0	10.3102	0.000100452
-58.4253	0	10.3446	0.000100452
-58.3909	0	10.3789	0.000100452
-58.3566	0	10.4133	0.000100452
-58.3222	0	10.4477	0.000100452
-58.2878	0	10.482	0.000100452
-58.2535	0	10.5164	0.000100452
-58.2191	0	10.5508	0.000100452
-58.1847	0	10.5851	0.000100452
-58.1504	0	10.6195	0.000100452
-58.116	0	10.6539	0.000100452
-58.0816	0	10.6882	0.000100452
-58.0473	0	10.7226	0.000100452
-58.0129	0	10.757	0.000100452
-57.9785	0	10.7913	0.000100452
-57.9442	0	10.8257	0.000100452
-57.9098	0	10.8601	0.000100452
-57.8754	0	10.8945	0.000100452
-57.8411	0	10.9288	0.000100452
-57.8067	0	10.9632	0.000100452
-57.7723	0	10.9976	0.000100452
-57.738	0	11.0319	0.000100452
-57.7036	0	11.0663	0.000100452
-57.6692	0	11.1007	0.000100452
-57.6349	0	11.135	0.000100452
-57.6005	0	11.1694	0.000100452
-57.5661	0	11.2038	0.000100452
-57.5318	0	11.2381	0.000100452
-57.4974	0	11.2725	0.000100452
-57.463	0	11.3069	0.000100452
-57.4287	0	11.3412	0.000100452
-57.3943	0	11.3756	0.000100452
-57.3599	0	11.41	0.000100452
-57.3256	0	11.4443	0.000100452
-57.2912	0	11.4787	0.000100452
-57.2568	0	11.5131	0.000100452
-57.2225	0	11.5474	0.000100452
-57.1881	0	11.5818	0.000100452
-57.1537	0	11.6162	0.000100452
-57.1194	0	11.6505	0.000100452
-57.085	0	11.6849	0.000100452
-57.0506	0	11.7193	0.000100452
-57.0162	0	11.7536	0.000100452
-56.9819	0	11.788	0.000100452
-56.9475	0	11.8224	0.000100452
-56.9131	0	11.8567	0.000100452
-56.8788	0	11.8911	0.000100452
-56.8444	0	11.9255	0.000100452
-56.81	0	11.9598	0.000100452
-56.7757	0	11.9942	0.000100452
-56.7413	0	12.0286	0.000100452
-56.7069	0	12.0629	0.000100452
-56.6726	0	12.0973	0.000100452
-56.6382	0	12.1317	0.000100452
-56.6038	0	12.166	0.000100452
-56.5695	0	12.2004	0.000100452
-56.5351	0	12.2348	0.000100452
-56.5007	0	12.2691	0.000100452
-56.4664	0	12.3035	0.000100452
-56.432	0	12.3379	0.000100452
-56.3976	0	12.3722	0.000100452
-56.3633	0	12.4066	0.000100452
-56.3289	0	12.441	0.000100452
-56.2945	0	12.4753	0.000100452
-56.2602	0	12.5097	0.000100452
-56.2258	0	12.5441	0.000100452
-56.1914	0	12.5785	0.000100452
-56.1571	0	12.6128	0.000100452
-56.1227	0	12.6472	0.000100452
-56.0883	0	12.6816	0.000100452
-56.054	0	12.7159	0.000100452
-56.0196	0	12.7503	0.000100452
-55.9852	0	12.7847	0.000100452
-55.9509	0	12.819	0.000100452
-55.9165	0	12.8534	0.000100452
-55.8821	0	12.8878	0.000100452
-55.8478	0	12.9221	0.000100452
-55.8134	0	12.9565	0.000100452
-55.779	0	12.9909	0.000100452
-55.7447	0	13.0252	0.000100452
-55.7103	0	13.0596	0.000100452
-55.6759	0	13.094	0.000100452
-55.6416	0	13.1283	0.000100452
-55.6072	0	13.1627	0.000100452
-55.5728	0	13.1971	0.000100452
-55.5385	0	13.2314	0.000100452
-55.5041	0	13.2658	0.000100452
-55.4697	0	13.3002	0.000100452
-55.4353	0	13.3345	0.000100452
-55.401	0	13.3689	0.000100452
-55.3666	0	13.4033	0.000100452
-55.3322	0	13.4376	0.000100452
-55.2979	0	13.472	0.000100452
-55.2635	0	13.5064	0.000100452
-55.2291	0	13.5407	0.000100452
-55.1948	0	13.5751	0.000100452
-55.1604	0	13.6095	0.000100452
-55.126	0	13.6438	0.000100452
-55.0917	0	13.6782	0.000100452
-55.0573	0	13.7126	0.000100452
-55.0229	0	13.7469	0.000100452
-54.9886	0	13.7813	0.000100452
-54.9542	0	13.8157	0.000100452
-54.9198	0	13.85	0.000100452
-54.8855	0	13.8844	0.000100452
-54.8511	0	13.9188	0.000100452
-54.8167	0	13.9531	0.000100452
-54.7824	0	13.9875	0.000100452
-54.748	0	14.0219	0.000100452
-54.7136	0	14.0562	0.000100452
-54.6793	0	14.0906	0.000100452
-54.6449	0	14.125	0.000100452
-54.6105	0	14.1593	0.000100452
-54.5762	0	14.1937	0.000100452
-54.5418	0	14.2281	0.000100452
-54.5074	0	14.2625	0.000100452
-54.4731	0	14.2968	0.000100452
-54.4387	0	14.3312	0.000100452
-54.4043	0	14.3656	0.000100452
-54.37	0	14.3999	0.000100452
-54.3356	0	14.4343	0.000100452
-54.3012	0	14.4687	0.000100452
-54.2669	0	14.503	0.000100452
-54.2325	0	14.5374	0.000100452
-54.1981	0	14.5718	0.000100452
-54.1638	0	14.6061	0.000100452
-54.1294	0	14.6405	0.000100452
-54.095	0	14.6749	0.000100452
-54.0607	0	14.7092	0.000100452
-54.0263	0	14.7436	0.000100452
-53.9919	0	14.778	0.000100452
-53.9576	0	14.8123	0.000100452
-53.9232	0	14.8467	0.000100452
-53.8888	0	14.8811	0.000100452
-53.8545	0	14.9154	0.000100452
-53.8201	0	14.9498	0.000100452
-53.7857	0	14.9842	0.000100452
-53.7514	0	15.0185	0.000100452
-53.717	0	15.0529	0.000100452
-53.6826	0	15.0873	0.000100452
-53.6482	0	15.1216	0.000100452
-53.6139	0	15.156	0.000100452
-53.5795	0	15.1904	0.000100452
-53.5451	0	15.2247	0.000100452
-53.5108	0	15.2591	0.000100452
-53.4764	0	15.2935	0.000100452
-53.442	0	15.3278	0.000100452
-53.4077	0	15.3622	0.000100452
-53.3733	0	15.3966	0.000100452
-53.3389	0	15.4309	0.000100452
-53.3046	0	15.4653	0.000100452
-53.2702	0	15.4997	0.000100452
-53.2358	0	15.534	0.000100452
-53.2015	0	15.5684	0.000100452
-53.1671	0	15.6028	0.000100452
-53.1327	0	15.6371	0.000100452
-53.0984	0	15.6715	0.000100452
-53.064	0	15.7059	0.000100452
-53.0296	0	15.7402	0.000100452
-52.9953	0	15.7746	0.000100452
-52.9609	0	15.809	0.000100452
-52.9265	0	15.8433	0.000100452
-52.8922	0	15.8777	0.000100452
-52.8578	0	15.9121	0.000100452
-52.8234	0	15.9465	0.000100452
-52.7891	0	15.9808	0.000100452
-52.7547	0	16.0152	0.000100452
-52.7203	0	16.0496	0.000100452
-52.686	0	16.0839	0.000100452
-52.6516	0	16.1183	0.000100452
-52.6172	0	16.1527	0.000100452
-52.5829	0	16.187	0.000100452
-52.5485	0	16.2214	0.000100452
-52.5141	0	16.2558	0.000100452
-52.4798	0	16.2901	0.000100452
-52.4454	0	16.3245	0.000100452
-52.411	0	16.3589	0.000100452
-52.3767	0	16.3932	0.000100452
-52.3423	0	16.4276	0.000100452
-52.3079	0	16.462	0.000100452
-52.2736	0	16.4963	0.000100452
-52.2392	0	16.5307	0.000100452
-52.2048	0	16.5651	0.000100452
-52.1705	0	16.5994	0.000100452
-52.1361	0	16.6338	0.000100452
-52.1017	0	16.6682	0.000100452
-52.0673	0	16.7025	0.000100452
-52.033	0	16.7369	0.000100452
-51.9986	0	16.7713	0.000100452
-51.9642	0	16.8056	0.000100452
-51.9299	0	16.84	0.000100452
-51.8955	0	16.8744	0.000100452
-51.8611	0	16.9087	0.000100452
-51.8268	0	16.9431	0.000100452
-51.7924	0	16.9775	0.000100452
-51.758	0	17.0118	0.000100452
-51.7237	0	17.0462	0.000100452
-51.6893	0	17.0806	0.000100452
-51.6549	0	17.1149	0.000100452
-51.6206	0	17.1493	0.000100452
-51.5862	0	17.1837	0.000100452
-51.5518	0	17.218	0.000100452
-51.5175	0	17.2524	0.000100452
-51.4831	0	17.2868	0.000100452
-51.4487	0	17.3211	0.000100452
-51.4144	0	17.3555	0.000100452
-51.38	0	17.3899	0.000100452
-51.3456	0	17.4242	0.000100452
-51.3113	0	17.4586	0.000100452
-51.2769	0	17.493	0.000100452
-51.2425	0	17.5273	0.000100452
-51.2082	0	17.5617	0.000100452
-51.1738	0	17.5961	0.000100452
-51.1394	0	17.6305	0.000100452
-51.1051	0	17.6648	0.000100452
-51.0707	0	17.6992	0.000100452
-51.0363	0	17.7336	0.000100452
-51.002	0	17.7679	0.000100452
-50.9676	0	17.8023	0.000100452
-50.9332	0	17.8367	0.000100452
-50.8989	0	17.871	0.000100452
-50.8645	0	17.9054	0.000100452
-50.8301	0	17.9398	0.000100452
-50.7958	0	17.9741	0.000100452
-50.7614	0	18.0085	0.000100452
-50.727	0	18.0429	0.000100452
-50.6927	0	18.0772	0.000100452
-50.6583	0	18.1116	0.000100452
-50.6239	0	18.146	0.000100452
-50.5896	0	18.1803	0.000100452
-50.5552	0	18.2147	0.000100452
-50.5208	0	18.2491	0.000100452
-50.4865	0	18.2834	0.000100452
-50.4521	0	18.3178	0.000100452
-50.4177	0	18.3522	0.000100452
-50.3834	0	18.3865	0.000100452
-50.349	0	18.4209	0.000100452
-50.3146	0	18.4553	0.000100452
-50.2802	0	18.4896	0.000100452
-50.2459	0	18.524	0.000100452
-50.2115	0	18.5584	0.000100452
-50.1771	0	18.5927	0.000100452
-50.1428	0	18.6271	0.000100452
-50.1084	0	18.6615	0.000100452
-50.074	0	18.6958	0.000100452
-50.0397	0	18.7302	0.000100452
-50.0053	0	18.7646	0.000100452
-49.9709	0	18.7989	0.000100452
-49.9366	0	18.8333	0.000100452
-49.9022	0	18.8677	0.000100452
-49.8678	0	18.902	0.000100452
-49.8335	0	18.9364	0.000100452
-49.7991	0	18.9708	0.000100452
-49.7647	0	19.0051	0.000100452
-49.7304	0	19.0395	0.000100452
-49.696	0	19.0739	0.000100452
-49.6616	0	19.1082	0.000100452
-49.6273	0	19.1426	0.000100452
-49.5929	0	19.177	0.000100452
-49.5585	0	19.2113	0.000100452
-49.5242	0	19.2457	0.000100452
-49.4898	0	19.2801	0.000100452
-49.4554	0	19.3145	0.000100452
-49.4211	0	19.3488	0.000100452
-49.3867	0	19.3832	0.000100452
-49.3523	0	19.4176	0.000100452
-49.318	0	19.4519	0.000100452
-49.2836	0	19.4863	0.000100452
-49.2492	0	19.5207	0.000100452
-49.2149	0	19.555	0.000100452
-49.1805	0	19.5894	0.000100452
-49.1461	0	19.6238	0.000100452
-49.1118	0	19.6581	0.000100452
-49.0774	0	19.6925	0.000100452
-49.043	0	19.7269	0.000100452
-49.0087	0	19.7612	0.000100452
-48.9743	0	19.7956	0.000100452
-48.9399	0	19.83	0.000100452
-48.9056	0	19.8643	0.000100452
-48.8712	0	19.8987	0.000100452
-48.8368	0	19.9331	0.000100452
-48.8025	0	19.9674	0.000100452
-48.7681	0	20.0018	0.000100452
-48.7337	0	20.0362	0.000100452
-48.6993	0	20.0705	0.000100452
-48.665	0	20.1049	0.000100452
-48.6306	0	20.1393	0.000100452
-48.5962	0	20.1736	0.000100452
-48.5619	0	20.208	0.000100452
-48.5275	0	20.2424	0.000100452
-48.4931	0	20.2767	0.000100452
-48.4588	0	20.3111	0.000100452
-48.4244	0	20.3455	0.000100452
-48.39	0	20.3798	0.000100452
-48.3557	0	20.4142	0.000100452
-48.3213	0	20.4486	0.000100452
-48.2869	0	20.4829	0.000100452
-48.2526	0	20.5173	0.000100452
-48.2182	0	20.5517	0.000100452
-48.1838	0	20.586	0.000100452
-48.1495	0	20.6204	0.000100452
-48.1151	0	20.6548	0.000100452
-48.0807	0	20.6891	0.000100452
-48.0464	0	20.7235	0.000100452
-48.012	0	20.7579	0.000100452
-47.9776	0	20.7922	0.000100452
-47.9433	0	20.8266	0.000100452
-47.9089	0	20.861	0.000100452
-47.8745	0	20.8954	0.000100452
-47.8402	0	20.9297	0.000100452
-47.8058	0	20.9641	0.000100452
-47.7714	0	20.9985	0.000100452
-47.7371	0	21.0328	0.000100452
-47.7027	0	21.0672	0.000100452
-47.6683	0	21.1016	0.000100452
-47.634	0	21.1359	0.000100452
-47.5996	0	21.1703	0.000100452
-47.5652	0	21.2047	0.000100452
-47.5309	0	21.239	0.000100452
-47.4965	0	21.2734	0.000100452
-47.4621	0	21.3078	0.000100452
-47.4278	0	21.3421	0.000100452
-47.3934	0	21.3765	0.000100452
-47.359	0	21.4109	0.000100452
-47.3247	0	21.4452	0.000100452
-47.2903	0	21.4796	0.000100452
-47.2559	0	21.514	0.000100452
-47.2216	0	21.5483	0.000100452
-47.1872	0	21.5827	0.000100452
-47.1528	0	21.6171	0.000100452
-47.1185	0	21.6514	0.000100452
-47.0841	0	21.6858	0.000100452
-47.0497	0	21.7202	0.000100452
-47.0153	0	21.7545	0.000100452
-46.981	0	21.7889	0.000100452
-46.9466	0	21.8233	0.000100452
-46.9122	0	21.8576	0.000100452
-46.8779	0	21.892	0.000100452
-46.8435	0	21.9264	0.000100452
-46.8091	0	21.9607	0.000100452
-46.7748	0	21.9951	0.000100452
-46.7404	0	22.0295	0.000100452
-46.706	0	22.0638	0.000100452
-46.6717	0	22.0982	0.000100452
-46.6373	0	22.1326	0.000100452
-46.6029	0	22.1669	0.000100452
-46.5686	0	22.2013	0.000100452
-46.5342	0	22.2357	0.000100452
-46.4998	0	22.27	0.000100452
-46.4655	0	22.3044	0.000100452
-46.4311	0	22.3388	0.000100452
-46.3967	0	22.3731	0.000100452
-46.3624	0	22.4075	0.000100452
-46.328	0	22.4419	0.000100452
-46.2936	0	22.4762	0.000100452
-46.2593	0	22.5106	0.000100452
-46.2249	0	22.545	0.000100452
-46.1905	0	22.5794	0.000100452
-46.1562	0	22.6137	0.000100452
-46.1218	0	22.6481	0.000100452
-46.0874	0	22.6825	0.000100452
-46.0531	0	22.7168	0.000100452
-46.0187	0	22.7512	0.000100452
-45.9843	0	22.7856	0.000100452
-45.95	0	22.8199	0.000100452
-45.9156	0	22.8543	0.000100452
-45.8812	0	22.8887	0.000100452
-45.8469	0	22.923	0.000100452
-45.8125	0	22.9574	0.000100452
-45.7781	0	22.9918	0.000100452
-45.7438	0	23.0261	0.000100452
-45.7094	0	23.0605	0.000100452
-45.675	0	23.0949	0.000100452
-45.6407	0	23.1292	0.000100452
-45.6063	0	23.1636	0.000100452
-45.5719	0	23.198	0.000100452
-45.5376	0	23.2323	0.000100452
-45.5032	0	23.2667	0.000100452
-45.4688	0	23.3011	0.000100452
-45.4344	0	23.3354	0.000100452
-45.4001	0	23.3698	0.000100452
-45.3657	0	23.4042	0.000100452
-45.3313	0	23.4385	0.000100452
-45.297	0	23.4729	0.000100452
-45.2626	0	23.5073	0.000100452
-45.2282	0	23.5416	0.000100452
-45.1939	0	23.576	0.000100452
-45.1595	0	23.6104	0.000100452
-45.1251	0	23.6447	0.000100452
-45.0908	0	23.6791	0.000100452
-45.0564	0	23.7135	0.000100452
-45.022	0	23.7478	0.000100452
-44.9877	0	23.7822	0.000100452
-44.9533	0	23.8166	0.000100452
-44.9189	0	23.8509	0.000100452
-44.8846	0	23.8853	0.000100452
-44.8502	0	23.9197	0.000100452
-44.8158	0	23.954	0.000100452
-44.7815	0	23.9884	0.000100452
-44.7471	0	24.0228	0.000100452
-44.7127	0	24.0571	0.000100452
-44.6784	0	24.0915	0.000100452
-44.644	0	24.1259	0.000100452
-44.6096	0	24.1602	0.000100452
-44.5753	0	24.1946	0.000100452
-44.5409	0	24.229	0.000100452
-44.5065	0	24.2634	0.000100452
-44.4722	0	24.2977	0.000100452
-44.4378	0	24.3321	0.000100452
-44.4034	0	24.3665	0.000100452
-44.3691	0	24.4008	0.000100452
-44.3347	0	24.4352	0.000100452
-44.3003	0	24.4696	0.000100452
-44.266	0	24.5039	0.000100452
-44.2316	0	24.5383	0.000100452
-44.1972	0	24.5727	0.000100452
-44.1629	0	24.607	0.000100452
-44.1285	0	24.6414	0.000100452
-44.0941	0	24.6758	0.000100452
-44.0598	0	24.7101	0.000100452
-44.0254	0	24.7445	0.000100452
-43.991	0	24.7789	0.000100452
-43.9567	0	24.8132	0.000100452
-43.9223	0	24.8476	0.000100452
-43.8879	0	24.882	0.000100452
-43.8535	0	24.9163	0.000100452
-43.8192	0	24.9507	0.000100452
-43.7848	0	24.9851	0.000100452
-43.7505	0	25.0194	0.000100452
-43.7161	0	25.0538	0.000100452
-43.6817	0	25.0882	0.000100452
-43.6473	0	25.1225	0.000100452
-43.613	0	25.1569	0.000100452
-43.5786	0	25.1913	0.000100452
-43.5442	0	25.2256	0.000100452
-43.5099	0	25.26	0.000100452
-43.4755	0	25.2944	0.000100452
-43.4411	0	25.3287	0.000100452
-43.4068	0	25.3631	0.000100452
-43.3724	0	25.3975	0.000100452
-43.338	0	25.4318	0.000100452
-43.3037	0	25.4662	0.000100452
-43.2693	0	25.5006	0.000100452
-43.2349	0	25.5349	0.000100452
-43.2006	0	25.5693	0.000100452
-43.1662	0	25.6037	0.000100452
-43.1318	0	25.638	0.000100452
-43.0975	0	25.6724	0.000100452
-43.0631	0	25.7068	0.000100452
-43.0287	0	25.7411	0.000100452
-42.9944	0	25.7755	0.000100452
-42.96	0	25.8099	0.000100452
-42.9256	0	25.8442	0.000100452
-42.8913	0	25.8786	0.000100452
-42.8569	0	25.913	0.000100452
-42.8225	0	25.9474	0.000100452
-42.7882	0	25.9817	0.000100452
-42.7538	0	26.0161	0.000100452
-42.7194	0	26.0505	0.000100452
-42.6851	0	26.0848	0.000100452
-42.6507	0	26.1192	0.000100452
-42.6163	0	26.1536	0.000100452
-42.582	0	26.1879	0.000100452
-42.5476	0	26.2223	0.000100452
-42.5132	0	26.2567	0.000100452
-42.4789	0	26.291	0.000100452
-42.4445	0	26.3254	0.000100452
-42.4101	0	26.3598	0.000100452
-42.3758	0	26.3941	0.000100452
-42.3414	0	26.4285	0.000100452
-42.307	0	26.4629	0.000100452
-42.2727	0	26.4972	0.000100452
-42.2383	0	26.5316	0.000100452
-42.2039	0	26.566	0.000100452
-42.1696	0	26.6003	0.000100452
-42.1352	0	26.6347	0.000100452
-42.1008	0	26.6691	0.000100452
-42.0664	0	26.7034	0.000100452
-42.0321	0	26.7378	0.000100452
-41.9977	0	26.7722	0.000100452
-41.9633	0	26.8065	0.000100452
-41.929	0	26.8409	0.000100452
-41.8946	0	26.8753	0.000100452
-41.8602	0	26.9096	0.000100452
-41.8259	0	26.944	0.000100452
-41.7915	0	26.9784	0.000100452
-41.7571	0	27.0127	0.000100452
-41.7228	0	27.0471	0.000100452
-41.6884	0	27.0815	0.000100452
-41.654	0	27.1158	0.000100452
-41.6197	0	27.1502	0.000100452
-41.5853	0	27.1846	0.000100452
-41.5509	0	27.2189	0.000100452
-41.5166	0	27.2533	0.000100452
-41.4822	0	27.2877	0.000100452
-41.4478	0	27.322	0.000100452
-41.4135	0	27.3564	0.000100452
-41.3791	0	27.3908	0.000100452
-41.3447	0	27.4251	0.000100452
-41.3104	0	27.4595	0.000100452
-41.276	0	27.4939	0.000100452
-41.2416	0	27.5282	0.000100452
-41.2073	0	27.5626	0.000100452
-41.1729	0	27.597	0.000100452
-41.1385	0	27.6314	0.000100452
-41.1042	0	27.6657	0.000100452
-41.0698	0	27.7001	0.000100452
-41.0354	0	27.7345	0.000100452
-41.0011	0	27.7688	0.000100452
-40.9667	0	27.8032	0.000100452
-40.9323	0	27.8376	0.000100452
-40.898	0	27.8719	0.000100452
-40.8636	0	27.9063	0.000100452
-40.8292	0	27.9407	0.000100452
-40.7949	0	27.975	0.000100452
-40.7605	0	28.0094	0.000100452
-40.7261	0	28.0438	0.000100452
-40.6918	0	28.0781	0.000100452
-40.6574	0	28.1125	0.000100452
-40.623	0	28.1469	0.000100452
-40.5887	0	28.1812	0.000100452
-40.5543	0	28.2156	0.000100452
-40.5199	0	28.25	0.000100452
-40.4855	0	28.2843	0.000100452
-40.4512	0	28.3187	0.000100452
-40.4168	0	28.3531	0.000100452
-40.3825	0	28.3874	0.000100452
-40.3481	0	28.4218	0.000100452
-40.3137	0	28.4562	0.000100452
-40.2793	0	28.4905	0.000100452
-40.245	0	28.5249	0.000100452
-40.2106	0	28.5593	0.000100452
-40.1762	0	28.5936	0.000100452
-40.1419	0	28.628	0.000100452
-40.1075	0	28.6624	0.000100452
-40.0731	0	28.6967	0.000100452
-40.0388	0	28.7311	0.000100452
-40.0044	0	28.7655	0.000100452
-39.97	0	28.7998	0.000100452
-39.9357	0	28.8342	0.000100452
-39.9013	0	28.8686	0.000100452
-39.8669	0	28.9029	0.000100452
-39.8326	0	28.9373	0.000100452
-39.7982	0	28.9717	0.000100452
-39.7638	0	29.006	0.000100452
-39.7295	0	29.0404	0.000100452
-39.6951	0	29.0748	0.000100452
-39.6607	0	29.1091	0.000100452
-39.6264	0	29.1435	0.000100452
-39.592	0	29.1779	0.000100452
-39.5576	0	29.2122	0.000100452
-39.5233	0	29.2466	0.000100452
-39.4889	0	29.281	0.000100452
-39.4545	0	29.3154	0.000100452
-39.4202	0	29.3497	0.000100452
-39.3858	0	29.3841	0.000100452
-39.3514	0	29.4185	0.000100452
-39.3171	0	29.4528	0.000100452
-39.2827	0	29.4872	0.000100452
-39.2483	0	29.5216	0.000100452
-39.214	0	29.5559	0.000100452
-39.1796	0	29.5903	0.000100452
-39.1452	0	29.6247	0.000100452
-39.1109	0	29.659	0.000100452
-39.0765	0	29.6934	0.000100452
-39.0421	0	29.7278	0.000100452
-39.0078	0	29.7621	0.000100452
-38.9734	0	29.7965	0.000100452
-38.939	0	29.8309	0.000100452
-38.9047	0	29.8652	0.000100452
-38.8703	0	29.8996	0.000100452
-38.8359	0	29.934	0.000100452
-38.8016	0	29.9683	0.000100452
-38.7672	0	30.0027	0.000100452
-38.7328	0	30.0371	0.000100452
-38.6984	0	30.0714	0.000100452
-38.6641	0	30.1058	0.000100452
-38.6297	0	30.1402	0.000100452
-38.5953	0	30.1745	0.000100452
-38.561	0	30.2089	0.000100452
-38.5266	0	30.2433	0.000100452
-38.4922	0	30.2776	0.000100452
-38.4579	0	30.312	0.000100452
-38.4235	0	30.3464	0.000100452
-38.3891	0	30.3807	0.000100452
-38.3548	0	30.4151	0.000100452
-38.3204	0	30.4495	0.000100452
-38.286	0	30.4838	0.000100452
-38.2517	0	30.5182	0.000100452
-38.2173	0	30.5526	0.000100452
-38.1829	0	30.5869	0.000100452
-38.1486	0	30.6213	0.000100452
-38.1142	0	30.6557	0.000100452
-38.0798	0	30.69	0.000100452
-38.0455	0	30.7244	0.000100452
-38.0111	0	30.7588	0.000100452
-37.9767	0	30.7931	0.000100452
-37.9424	0	30.8275	0.000100452
-37.908	0	30.8619	0.000100452
-37.8736	0	30.8962	0.000100452
-37.8393	0	30.9306	0.000100452
-37.8049	0	30.965	0.000100452
-37.7705	0	30.9994	0.000100452
-37.7362	0	31.0337	0.000100452
-37.7018	0	31.0681	0.000100452
-37.6674	0	31.1025	0.000100452
-37.6331	0	31.1368	0.000100452
-37.5987	0	31.1712	0.000100452
-37.5643	0	31.2056	0.000100452
-37.53	0	31.2399	0.000100452
-37.4956	0	31.2743	0.000100452
-37.4612	0	31.3087	0.000100452
-37.4269	0	31.343	0.000100452
-37.3925	0	31.3774	0.000100452
-37.3581	0	31.4118	0.000100452
-37.3238	0	31.4461	0.000100452
-37.2894	0	31.4805	0.000100452
-37.255	0	31.5149	0.000100452
-37.2207	0	31.5492	0.000100452
-37.1863	0	31.5836	0.000100452
-37.1519	0	31.618	0.000100452
-37.1175	0	31.6523	0.000100452
-37.0832	0	31.6867	0.000100452
-37.0488	0	31.7211	0.000100452
-37.0145	0	31.7554	0.000100452
-36.9801	0	31.7898	0.000100452
-36.9457	0	31.8242	0.000100452
-36.9113	0	31.8585	0.000100452
-36.877	0	31.8929	0.000100452
-36.8426	0	31.9273	0.000100452
-36.8082	0	31.9616	0.000100452
-36.7739	0	31.996	0.000100452
-36.7395	0	32.0304	0.000100452
-36.7051	0	32.0647	0.000100452
-36.6708	0	32.0991	0.000100452
-36.6364	0	32.1335	0.000100452
-36.602	0.00292289	32.1678	0.000200904
-36.5677	0	32.2022	0.000200904
-36.5333	0	32.2366	0.000200904
-36.4989	0	32.2709	0.000200904
-36.4646	0	32.3053	0.000200904
-36.4302	0	32.3397	0.000200904
-36.3958	0	32.374	0.000200904
-36.3615	0	32.4084	0.000200904
-36.3271	0	32.4428	0.000200904
-36.2927	0	32.4771	0.000200904
-36.2584	0	32.5115	0.000200904
-36.224	0	32.5459	0.000200904
-36.1896	0	32.5802	0.000200904
-36.1553	0	32.6146	0.000200904
-36.1209	0	32.649	0.000200904
-36.0865	0	32.6834	0.000200904
-36.0522	0	32.7177	0.000200904
-36.0178	0	32.7521	0.000200904
-35.9834	0	32.7865	0.000200904
-35.9491	0	32.8208	0.000200904
-35.9147	0	32.8552	0.000200904
-35.8803	0	32.8896	0.000200904
-35.846	0	32.9239	0.000200904
-35.8116	0	32.9583	0.000200904
-35.7772	0	32.9927	0.000200904
-35.7429	0	33.027	0.000200904
-35.7085	0	33.0614	0.000200904
-35.6741	0	33.0958	0.000200904
-35.6398	0	33.1301	0.000200904
-35.6054	0	33.1645	0.000200904
-35.571	0	33.1989	0.000200904
-35.5367	0	33.2332	0.000200904
-35.5023	0	33.2676	0.000200904
-35.4679	0	33.302	0.000200904
-35.4336	0	33.3363	0.000200904
-35.3992	0	33.3707	0.000200904
-35.3648	0	33.4051	0.000200904
-35.3304	0	33.4394	0.000200904
-35.2961	0	33.4738	0.000200904
-35.2617	0	33.5082	0.000200904
-35.2273	0	33.5425	0.000200904
-35.193	0	33.5769	0.000200904
-35.1586	0	33.6113	0.000200904
-35.1242	0	33.6456	0.000200904
-35.0899	0	33.68	0.000200904
-35.0555	0	33.7144	0.000200904
-35.0211	0	33.7487	0.000200904
-34.9868	0	33.7831	0.000200904
-34.9524	0	33.8175	0.000200904
-34.918	0	33.8518	0.000200904
-34.8837	0	33.8862	0.000200904
-34.8493	0	33.9206	0.000200904
-34.8149	0	33.9549	0.000200904
-34.7806	0	33.9893	0.000200904
-34.7462	0	34.0237	0.000200904
-34.7118	0	34.058	0.000200904
-34.6775	0	34.0924	0.000200904
-34.6431	0	34.1268	0.000200904
-34.6087	0	34.1611	0.000200904
-34.5744	0	34.1955	0.000200904
-34.54	0	34.2299	0.000200904
-34.5056	0	34.2643	0.000200904
-34.4713	0	34.2986	0.000200904
-34.4369	0	34.333	0.000200904
-34.4025	0	34.3674	0.000200904
-34.3682	0	34.4017	0.000200904
-34.3338	0	34.4361	0.000200904
-34.2994	0	34.4705	0.000200904
-34.2651	0	34.5048	0.000200904
-34.2307	0	34.5392	0.000200904
-34.1963	0	34.5736	0.000200904
-34.162	0	34.6079	0.000200904
-34.1276	0	34.6423	0.000200904
-34.0932	0	34.6767	0.000200904
-34.0589	0	34.711	0.000200904
-34.0245	0	34.7454	0.000200904
-33.9901	0	34.7798	0.000200904
-33.9558	0	34.8141	0.000200904
-33.9214	0	34.8485	0.000200904
-33.887	0	34.8829	0.000200904
-33.8527	0	34.9172	0.000200904
-33.8183	0	34.9516	0.000200904
-33.7839	0	34.986	0.000200904
-33.7495	0	35.0203	0.000200904
-33.7152	0	35.0547	0.000200904
-33.6808	0	35.0891	0.000200904
-33.6464	0	35.1234	0.000200904
-33.6121	0	35.1578	0.000200904
-33.5777	0	35.1922	0.000200904
-33.5433	0	35.2265	0.000200904
-33.509	0	35.2609	0.000200904
-33.4746	0	35.2953	0.000200904
-33.4402	0	35.3296	0.000200904
-33.4059	0	35.364	0.000200904
-33.3715	0	35.3984	0.000200904
-33.3371	0	35.4327	0.000200904
-33.3028	0	35.4671	0.000200904
-33.2684	0	35.5015	0.000200904
-33.234	0	35.5358	0.000200904
-33.1997	0	35.5702	0.000200904
-33.1653	0	35.6046	0.000200904
-33.1309	0	35.6389	0.000200904
-33.0966	0	35.6733	0.000200904
-33.0622	0	35.7077	0.000200904
-33.0278	0	35.742	0.000200904
-32.9935	0	35.7764	0.000200904
-32.9591	0	35.8108	0.000200904
-32.9247	0	35.8451	0.000200904
-32.8904	0	35.8795	0.000200904
-32.856	0	35.9139	0.000200904
-32.8216	0	35.9482	0.000200904
-32.7873	0	35.9826	0.000200904
-32.7529	0	36.017	0.000200904
-32.7185	0	36.0514	0.000200904
-32.6842	0	36.0857	0.000200904
-32.6498	0	36.1201	0.000200904
-32.6154	0	36.1545	0.000200904
-32.5811	0	36.1888	0.000200904
-32.5467	0	36.2232	0.000200904
-32.5123	0	36.2576	0.000200904
-32.478	0	36.2919	0.000200904
-32.4436	0	36.3263	0.000200904
-32.4092	0	36.3607	0.000200904
-32.3749	0	36.395	0.000200904
-32.3405	0	36.4294	0.000200904
-32.3061	0	36.4638	0.000200904
-32.2718	0	36.4981	0.000200904
-32.2374	0	36.5325	0.000200904
-32.203	0	36.5669	0.000200904
-32.1687	0	36.6012	0.000200904
-32.1343	0	36.6356	0.000200904
-32.0999	0	36.67	0.000200904
-32.0655	0	36.7043	0.000200904
-32.0312	0	36.7387	0.000200904
-31.9968	0	36.7731	0.000200904
-31.9624	0	36.8074	0.000200904
-31.9281	0	36.8418	0.000200904
-31.8937	0	36.8762	0.000200904
-31.8593	0	36.9105	0.000200904
-31.825	0	36.9449	0.000200904
-31.7906	0	36.9793	0.000200904
-31.7562	0	37.0136	0.000200904
-31.7219	0	37.048	0.000200904
-31.6875	0	37.0824	0.000200904
-31.6531	0	37.1167	0.000200904
-31.6188	0	37.1511	0.000200904
-31.5844	0	37.1855	0.000200904
-31.55	0	37.2198	0.000200904
-31.5157	0	37.2542	0.000200904
-31.4813	0	37.2886	0.000200904
-31.4469	0	37.3229	0.000200904
-31.4126	0	37.3573	0.000200904
-31.3782	0	37.3917	0.000200904
-31.3438	0	37.426	0.000200904
-31.3095	0	37.4604	0.000200904
-31.2751	0	37.4948	0.000200904
-31.2407	0	37.5291	0.000200904
-31.2064	0	37.5635	0.000200904
-31.172	0	37.5979	0.000200904
-31.1376	0	37.6323	0.000200904
-31.1033	0	37.6666	0.000200904
-31.0689	0	37.701	0.000200904
-31.0345	0	37.7354	0.000200904
-31.0002	0	37.7697	0.000200904
-30.9658	0	37.8041	0.000200904
-30.9314	0	37.8385	0.000200904
-30.8971	0	37.8728	0.000200904
-30.8627	0	37.9072	0.000200904
-30.8283	0	37.9416	0.000200904
-30.794	0	37.9759	0.000200904
-30.7596	0	38.0103	0.000200904
-30.7252	0	38.0447	0.000200904
-30.6909	0	38.079	0.000200904
-30.6565	0	38.1134	0.000200904
-30.6221	0	38.1478	0.000200904
-30.5878	0	38.1821	0.000200904
-30.5534	0	38.2165	0.000200904
-30.519	0	38.2509	0.000200904
-30.4847	0	38.2852	0.000200904
-30.4503	0	38.3196	0.000200904
-30.4159	0	38.354	0.000200904
-30.3815	0	38.3883	0.000200904
-30.3472	0	38.4227	0.000200904
-30.3128	0	38.4571	0.000200904
-30.2784	0	38.4914	0.000200904
-30.2441	0	38.5258	0.000200904
-30.2097	0	38.5602	0.000200904
-30.1753	0	38.5945	0.000200904
-30.141	0	38.6289	0.000200904
-30.1066	0	38.6633	0.000200904
-30.0722	0	38.6976	0.000200904
-30.0379	0	38.732	0.000200904
-30.0035	0	38.7664	0.000200904
-29.9691	0	38.8007	0.000200904
-29.9348	0	38.8351	0.000200904
-29.9004	0	38.8695	0.000200904
-29.866	0	38.9038	0.000200904
-29.8317	0	38.9382	0.000200904
-29.7973	0	38.9726	0.000200904
-29.7629	0	39.0069	0.000200904
-29.7286	0	39.0413	0.000200904
-29.6942	0	39.0757	0.000200904
-29.6598	0	39.11	0.000200904
-29.6255	0	39.1444	0.000200904
-29.5911	0	39.1788	0.000200904
-29.5567	0	39.2132	0.000200904
-29.5224	0	39.2475	0.000200904
-29.488	0	39.2819	0.000200904
-29.4536	0	39.3162	0.000200904
-29.4193	0	39.3506	0.000200904
-29.3849	0	39.385	0.000200904
-29.3505	0	39.4194	0.000200904
-29.3162	0	39.4537	0.000200904
-29.2818	0	39.4881	0.000200904
-29.2474	0	39.5225	0.000200904
-29.2131	0	39.5568	0.000200904
-29.1787	0	39.5912	0.000200904
-29.1443	0	39.6256	0.000200904
-29.11	0	39.6599	0.000200904
-29.0756	0	39.6943	0.000200904
-29.0412	0	39.7287	0.000200904
-29.0069	0	39.763	0.000200904
-28.9725	0	39.7974	0.000200904
-28.9381	0	39.8318	0.000200904
-28.9038	0	39.8661	0.000200904
-28.8694	0	39.9005	0.000200904
-28.835	0	39.9349	0.000200904
-28.8007	0	39.9692	0.000200904
-28.7663	0	40.0036	0.000200904
-28.7319	0	40.038	0.000200904
-28.6975	0	40.0723	0.000200904
-28.6632	0	40.1067	0.000200904
-28.6288	0	40.1411	0.000200904
-28.5944	0	40.1754	0.000200904
-28.5601	0	40.2098	0.000200904
-28.5257	0	40.2442	0.000200904
-28.4913	0	40.2785	0.000200904
-28.457	0	40.3129	0.000200904
-28.4226	0	40.3473	0.000200904
-28.3882	0	40.3816	0.000200904
-28.3539	0	40.416	0.000200904
-28.3195	0	40.4504	0.000200904
-28.2851	0	40.4847	0.000200904
-28.2508	0	40.5191	0.000200904
-28.2164	0	40.5535	0.000200904
-28.182	0	40.5878	0.000200904
-28.1477	0	40.6222	0.000200904
-28.1133	0	40.6566	0.000200904
-28.0789	0	40.6909	0.000200904
-28.0446	0	40.7253	0.000200904
-28.0102	0	40.7597	0.000200904
-27.9758	0	40.794	0.000200904
-27.9415	0	40.8284	0.000200904
-27.9071	0	40.8628	0.000200904
-27.8727	0	40.8971	0.000200904
-27.8384	0	40.9315	0.000200904
-27.804	0	40.9659	0.000200904
-27.7696	0	41.0003	0.000200904
-27.7353	0	41.0346	0.000200904
-27.7009	0	41.069	0.000200904
-27.6665	0	41.1034	0.000200904
-27.6322	0	41.1377	0.000200904
-27.5978	0	41.1721	0.000200904
-27.5634	0	41.2065	0.000200904
-27.5291	0	41.2408	0.000200904
-27.4947	0	41.2752	0.000200904
-27.4603	0	41.3096	0.000200904
-27.426	0	41.3439	0.000200904
-27.3916	0	41.3783	0.000200904
-27.3572	0	41.4127	0.000200904
-27.3229	0	41.447	0.000200904
-27.2885	0	41.4814	0.000200904
-27.2541	0	41.5158	0.000200904
-27.2198	0	41.5501	0.000200904
-27.1854	0	41.5845	0.000200904
-27.151	0	41.6189	0.000200904
-27.1167	0	41.6532	0.000200904
-27.0823	0	41.6876	0.000200904
-27.0479	0	41.722	0.000200904
-27.0135	0	41.7563	0.000200904
-26.9792	0	41.7907	0.000200904
-26.9448	0	41.8251	0.000200904
-26.9104	0	41.8594	0.000200904
-26.8761	0	41.8938	0.000200904
-26.8417	0	41.9282	0.000200904
-26.8073	0	41.9625	0.000200904
-26.773	0	41.9969	0.000200904
-26.7386	0	42.0313	0.000200904
-26.7042	0	42.0656	0.000200904
-26.6699	0	42.1	0.000200904
-26.6355	0	42.1344	0.000200904
-26.6011	0	42.1687	0.000200904
-26.5668	0	42.2031	0.000200904
-26.5324	0	42.2375	0.000200904
-26.498	0	42.2718	0.000200904
-26.4637	0	42.3062	0.000200904
-26.4293	0	42.3406	0.000200904
-26.3949	0	42.3749	0.000200904
-26.3606	0	42.4093	0.000200904
-26.3262	0	42.4437	0.000200904
-26.2918	0	42.478	0.000200904
-26.2575	0	42.5124	0.000200904
-26.2231	0	42.5468	0.000200904
-26.1887	0	42.5812	0.000200904
-26.1544	0	42.6155	0.000200904
-26.12	0	42.6499	0.000200904
-26.0856	0	42.6843	0.000200904
-26.0513	0	42.7186	0.000200904
-26.0169	0	42.753	0.000200904
-25.9825	0	42.7874	0.000200904
-25.9482	0	42.8217	0.000200904
-25.9138	0	42.8561	0.000200904
-25.8794	0	42.8905	0.000200904
-25.8451	0	42.9248	0.000200904
-25.8107	0	42.9592	0.000200904
-25.7763	0	42.9936	0.000200904
-25.742	0	43.0279	0.000200904
-25.7076	0	43.0623	0.000200904
-25.6732	0	43.0967	0.000200904
-25.6389	0	43.131	0.000200904
-25.6045	0	43.1654	0.000200904
-25.5701	0	43.1998	0.000200904
-25.5358	0	43.2341	0.000200904
-25.5014	0	43.2685	0.000200904
-25.467	0	43.3029	0.000200904
-25.4326	0	43.3372	0.000200904
-25.3983	0	43.3716	0.000200904
-25.3639	0	43.406	0.000200904
-25.3295	0	43.4403	0.000200904
-25.2952	0	43.4747	0.000200904
-25.2608	0	43.5091	0.000200904
-25.2264	0	43.5434	0.000200904
-25.1921	0	43.5778	0.000200904
-25.1577	0	43.6122	0.000200904
-25.1233	0	43.6465	0.000200904
-25.089	0	43.6809	0.000200904
-25.0546	0	43.7153	0.000200904
-25.0202	0	43.7496	0.000200904
-24.9859	0	43.784	0.000200904
-24.9515	0	43.8184	0.000200904
-24.9171	0	43.8527	0.000200904
-24.8828	0	43.8871	0.000200904
-24.8484	0	43.9215	0.000200904
-24.814	0	43.9558	0.000200904
-24.7797	0	43.9902	0.000200904
-24.7453	0	44.0246	0.000200904
-24.7109	0	44.0589	0.000200904
-24.6766	0	44.0933	0.000200904
-24.6422	0	44.1277	0.000200904
-24.6078	0	44.162	0.000200904
-24.5735	0	44.1964	0.000200904
-24.5391	0	44.2308	0.000200904
-24.5047	0	44.2652	0.000200904
-24.4704	0	44.2995	0.000200904
-24.436	0	44.3339	0.000200904
-24.4016	0	44.3683	0.000200904
-24.3673	0	44.4026	0.000200904
-24.3329	0	44.437	0.000200904
-24.2985	0	44.4714	0.000200904
-24.2642	0	44.5057	0.000200904
-24.2298	0	44.5401	0.000200904
-24.1954	0	44.5745	0.000200904
-24.1611	0	44.6088	0.000200904
-24.1267	0	44.6432	0.000200904
-24.0923	0	44.6776	0.000200904
-24.058	0	44.7119	0.000200904
-24.0236	0	44.7463	0.000200904
-23.9892	0	44.7807	0.000200904
-23.9549	0	44.815	0.000200904
-23.9205	0	44.8494	0.000200904
-23.8861	0	44.8838	0.000200904
-23.8518	0	44.9181	0.000200904
-23.8174	0	44.9525	0.000200904
-23.783	0	44.9869	0.000200904
-23.7486	0	45.0212	0.000200904
-23.7143	0	45.0556	0.000200904
-23.6799	0	45.09	0.000200904
-23.6455	0	45.1243	0.000200904
-23.6112	0	45.1587	0.000200904
-23.5768	0	45.1931	0.000200904
-23.5424	0	45.2274	0.000200904
-23.5081	0	45.2618	0.000200904
-23.4737	0	45.2962	0.000200904
-23.4393	0	45.3305	0.000200904
-23.405	0	45.3649	0.000200904
-23.3706	0	45.3993	0.000200904
-23.3362	0	45.4336	0.000200904
-23.3019	0	45.468	0.000200904
-23.2675	0	45.5024	0.000200904
-23.2331	0	45.5367	0.000200904
-23.1988	0	45.5711	0.000200904
-23.1644	0	45.6055	0.000200904
-23.13	0	45.6398	0.000200904
-23.0957	0	45.6742	0.000200904
-23.0613	0	45.7086	0.000200904
-23.0269	0	45.7429	0.000200904
-22.9926	0	45.7773	0.000200904
-22.9582	0	45.8117	0.000200904
-22.9238	0	45.8461	0.000200904
-22.8895	0	45.8804	0.000200904
-22.8551	0	45.9148	0.000200904
-22.8207	0	45.9492	0.000200904
-22.7864	0	45.9835	0.000200904
-22.752	0	46.0179	0.000200904
-22.7176	0	46.0523	0.000200904
-22.6833	0	46.0866	0.000200904
-22.6489	0	46.121	0.000200904
-22.6145	0	46.1554	0.000200904
-22.5802	0	46.1897	0.000200904
-22.5458	0	46.2241	0.000200904
-22.5114	0	46.2585	0.000200904
-22.4771	0	46.2928	0.000200904
-22.4427	0	46.3272	0.000200904
-22.4083	0	46.3616	0.000200904
-22.374	0	46.3959	0.000200904
-22.3396	0	46.4303	0.000200904
-22.3052	0	46.4647	0.000200904
-22.2709	0	46.499	0.000200904
-22.2365	0	46.5334	0.000200904
-22.2021	0	46.5678	0.000200904
-22.1678	0	46.6021	0.000200904
-22.1334	0	46.6365	0.000200904
-22.099	0	46.6709	0.000200904
-22.0646	0	46.7052	0.000200904
-22.0303	0	46.7396	0.000200904
-21.9959	0	46.774	0.000200904
-21.9615	0	46.8083	0.000200904
-21.9272	0	46.8427	0.000200904
-21.8928	0	46.8771	0.000200904
-21.8584	0	46.9114	0.000200904
-21.8241	0.00292289	46.9458	0.000301356
-21.7897	0	46.9802	0.000301356
-21.7553	0	47.0145	0.000301356
-21.721	0	47.0489	0.000301356
-21.6866	0	47.0833	0.000301356
-21.6522	0	47.1176	0.000301356
-21.6179	0	47.152	0.000301356
-21.5835	0	47.1864	0.000301356
-21.5491	0	47.2207	0.000301356
-21.5148	0	47.2551	0.000301356
-21.4804	0	47.2895	0.000301356
-21.446	0	47.3238	0.000301356
-21.4117	0	47.3582	0.000301356
-21.3773	0	47.3926	0.000301356
-21.3429	0	47.4269	0.000301356
-21.3086	0	47.4613	0.000301356
-21.2742	0	47.4957	0.000301356
-21.2398	0	47.53	0.000301356
-21.2055	0	47.5644	0.000301356
-21.1711	0	47.5988	0.000301356
-21.1367	0	47.6332	0.000301356
-21.1024	0	47.6675	0.000301356
-21.068	0	47.7019	0.000301356
-21.0336	0	47.7363	0.000301356
-20.9993	0	47.7706	0.000301356
-20.9649	0	47.805	0.000301356
-20.9305	0	47.8394	0.000301356
-20.8962	0	47.8737	0.000301356
-20.8618	0	47.9081	0.000301356
-20.8274	0	47.9425	0.000301356
-20.7931	0	47.9768	0.000301356
-20.7587	0	48.0112	0.000301356
-20.7243	0	48.0456	0.000301356
-20.69	0	48.0799	0.000301356
-20.6556	0	48.1143	0.000301356
-20.6212	0	48.1487	0.000301356
-20.5869	0	48.183	0.000301356
-20.5525	0	48.2174	0.000301356
-20.5181	0	48.2518	0.000301356
-20.4838	0	48.2861	0.000301356
-20.4494	0	48.3205	0.000301356
-20.415	0	48.3549	0.000301356
-20.3806	0	48.3892	0.000301356
-20.3463	0	48.4236	0.000301356
-20.3119	0	48.458	0.000301356
-20.2775	0	48.4923	0.000301356
-20.2432	0	48.5267	0.000301356
-20.2088	0	48.5611	0.000301356
-20.1744	0	48.5954	0.000301356
-20.1401	0	48.6298	0.000301356
-20.1057	0	48.6642	0.000301356
-20.0713	0	48.6985	0.000301356
-20.037	0	48.7329	0.000301356
-20.0026	0	48.7673	0.000301356
-19.9682	0	48.8016	0.000301356
-19.9339	0	48.836	0.000301356
-19.8995	0	48.8704	0.000301356
-19.8651	0	48.9047	0.000301356
-19.8308	0	48.9391	0.000301356
-19.7964	0	48.9735	0.000301356
-19.762	0	49.0078	0.000301356
-19.7277	0	49.0422	0.000301356
-19.6933	0	49.0766	0.000301356
-19.6589	0	49.1109	0.000301356
-19.6246	0	49.1453	0.000301356
-19.5902	0	49.1797	0.000301356
-19.5558	0	49.2141	0.000301356
-19.5215	0	49.2484	0.000301356
-19.4871	0	49.2828	0.000301356
-19.4527	0	49.3172	0.000301356
-19.4184	0	49.3515	0.000301356
-19.384	0	49.3859	0.000301356
-19.3496	0	49.4203	0.000301356
-19.3153	0	49.4546	0.000301356
-19.2809	0	49.489	0.000301356
-19.2465	0	49.5234	0.000301356
-19.2122	0	49.5577	0.000301356
-19.1778	0	49.5921	0.000301356
-19.1434	0	49.6265	0.000301356
-19.1091	0	49.6608	0.000301356
-19.0747	0	49.6952	0.000301356
-19.0403	0	49.7296	0.000301356
-19.006	0	49.7639	0.000301356
-18.9716	0	49.7983	0.000301356
-18.9372	0	49.8327	0.000301356
-18.9029	0	49.867	0.000301356
-18.8685	0	49.9014	0.000301356
-18.8341	0	49.9358	0.000301356
-18.7998	0	49.9701	0.000301356
-18.7654	0	50.0045	0.000301356
-18.731	0	50.0389	0.000301356
-18.6966	0	50.0732	0.000301356
-18.6623	0	50.1076	0.000301356
-18.6279	0	50.142	0.000301356
-18.5935	0	50.1763	0.000301356
-18.5592	0	50.2107	0.000301356
-18.5248	0	50.2451	0.000301356
-18.4904	0	50.2794	0.000301356
-18.4561	0	50.3138	0.000301356
-18.4217	0	50.3482	0.000301356
-18.3873	0	50.3825	0.000301356
-18.353	0	50.4169	0.000301356
-18.3186	0	50.4513	0.000301356
-18.2842	0	50.4856	0.000301356
-18.2499	0	50.52	0.000301356
-18.2155	0	50.5544	0.000301356
-18.1811	0	50.5887	0.000301356
-18.1468	0	50.6231	0.000301356
-18.1124	0	50.6575	0.000301356
-18.078	0	50.6918	0.000301356
-18.0437	0	50.7262	0.000301356
-18.0093	0	50.7606	0.000301356
-17.9749	0	50.7949	0.000301356
-17.9406	0	50.8293	0.000301356
-17.9062	0	50.8637	0.000301356
-17.8718	0	50.898	0.000301356
-17.8375	0	50.9324	0.000301356
-17.8031	0	50.9668	0.000301356
-17.7687	0	51.0012	0.000301356
-17.7344	0	51.0355	0.000301356
-17.7	0	51.0699	0.000301356
-17.6656	0	51.1043	0.000301356
-17.6313	0	51.1386	0.000301356
-17.5969	0	51.173	0.000301356
-17.5625	0	51.2074	0.000301356
-17.5282	0	51.2417	0.000301356
-17.4938	0	51.2761	0.000301356
-17.4594	0	51.3105	0.000301356
-17.4251	0	51.3448	0.000301356
-17.3907	0	51.3792	0.000301356
-17.3563	0	51.4136	0.000301356
-17.322	0	51.4479	0.000301356
-17.2876	0	51.4823	0.000301356
-17.2532	0	51.5167	0.000301356
-17.2189	0	51.551	0.000301356
-17.1845	0	51.5854	0.000301356
-17.1501	0	51.6198	0.000301356
-17.1158	0	51.6541	0.000301356
-17.0814	0	51.6885	0.000301356
-17.047	0	51.7229	0.000301356
-17.0126	0	51.7572	0.000301356
-16.9783	0	51.7916	0.000301356
-16.9439	0	51.826	0.000301356
-16.9095	0	51.8603	0.000301356
-16.8752	0	51.8947	0.000301356
-16.8408	0	51.9291	0.000301356
-16.8064	0	51.9634	0.000301356
-16.7721	0	51.9978	0.000301356
-16.7377	0	52.0322	0.000301356
-16.7033	0	52.0665	0.000301356
-16.669	0	52.1009	0.000301356
-16.6346	0	52.1353	0.000301356
-16.6002	0	52.1696	0.000301356
-16.5659	0	52.204	0.000301356
-16.5315	0	52.2384	0.000301356
-16.4971	0	52.2727	0.000301356
-16.4628	0	52.3071	0.000301356
-16.4284	0	52.3415	0.000301356
-16.394	0	52.3758	0.000301356
-16.3597	0	52.4102	0.000301356
-16.3253	0	52.4446	0.000301356
-16.2909	0	52.4789	0.000301356
-16.2566	0	52.5133	0.000301356
-16.2222	0	52.5477	0.000301356
-16.1878	0	52.5821	0.000301356
-16.1535	0	52.6164	0.000301356
-16.1191	0	52.6508	0.000301356
-16.0847	0	52.6852	0.000301356
-16.0504	0	52.7195	0.000301356
-16.016	0	52.7539	0.000301356
-15.9816	0	52.7883	0.000301356
-15.9473	0	52.8226	0.000301356
-15.9129	0	52.857	0.000301356
-15.8785	0	52.8914	0.000301356
-15.8442	0	52.9257	0.000301356
-15.8098	0	52.9601	0.000301356
-15.7754	0	52.9945	0.000301356
-15.7411	0	53.0288	0.000301356
-15.7067	0	53.0632	0.000301356
-15.6723	0	53.0976	0.000301356
-15.638	0	53.1319	0.000301356
-15.6036	0	53.1663	0.000301356
-15.5692	0	53.2007	0.000301356
-15.5349	0	53.235	0.000301356
-15.5005	0	53.2694	0.000301356
-15.4661	0	53.3038	0.000301356
-15.4318	0	53.3381	0.000301356
-15.3974	0	53.3725	0.000301356
-15.363	0	53.4069	0.000301356
-15.3286	0	53.4412	0.000301356
-15.2943	0	53.4756	0.000301356
-15.2599	0	53.51	0.000301356
-15.2255	0	53.5443	0.000301356
-15.1912	0	53.5787	0.000301356
-15.1568	0	53.6131	0.000301356
-15.1224	0	53.6474	0.000301356
-15.0881	0	53.6818	0.000301356
-15.0537	0	53.7162	0.000301356
-15.0193	0	53.7505	0.000301356
-14.985	0	53.7849	0.000301356
-14.9506	0	53.8193	0.000301356
-14.9162	0	53.8536	0.000301356
-14.8819	0	53.888	0.000301356
-14.8475	0	53.9224	0.000301356
-14.8131	0	53.9567	0.000301356
-14.7788	0	53.9911	0.000301356
-14.7444	0	54.0255	0.000301356
-14.71	0	54.0598	0.000301356
-14.6757	0	54.0942	0.000301356
-14.6413	0	54.1286	0.000301356
-14.6069	0	54.1629	0.000301356
-14.5726	0	54.1973	0.000301356
-14.5382	0	54.2317	0.000301356
-14.5038	0	54.266	0.000301356
-14.4695	0	54.3004	0.000301356
-14.4351	0	54.3348	0.000301356
-14.4007	0	54.3692	0.000301356
-14.3664	0	54.4035	0.000301356
-14.332	0.00292289	54.4379	0.000401808
-14.2976	0	54.4723	0.000401808
-14.2633	0	54.5066	0.000401808
-14.2289	0	54.541	0.000401808
-14.1945	0	54.5754	0.000401808
-14.1602	0	54.6097	0.000401808
-14.1258	0	54.6441	0.000401808
-14.0914	0	54.6785	0.000401808
-14.0571	0	54.7128	0.000401808
-14.0227	0	54.7472	0.000401808
-13.9883	0	54.7816	0.000401808
-13.954	0	54.8159	0.000401808
-13.9196	0	54.8503	0.000401808
-13.8852	0	54.8847	0.000401808
-13.8509	0	54.919	0.000401808
-13.8165	0	54.9534	0.000401808
-13.7821	0	54.9878	0.000401808
-13.7478	0	55.0221	0.000401808
-13.7134	0	55.0565	0.000401808
-13.679	0	55.0909	0.000401808
-13.6446	0	55.1252	0.000401808
-13.6103	0	55.1596	0.000401808
-13.5759	0	55.194	0.000401808
-13.5415	0	55.2283	0.000401808
-13.5072	0	55.2627	0.000401808
-13.4728	0	55.2971	0.000401808
-13.4384	0.00292289	55.3314	0.00050226
-13.4041	0	55.3658	0.00050226
-13.3697	0	55.4002	0.00050226
-13.3353	0	55.4345	0.00050226
-13.301	0	55.4689	0.00050226
-13.2666	0	55.5033	0.00050226
-13.2322	0	55.5376	0.00050226
-13.1979	0	55.572	0.00050226
-13.1635	0	55.6064	0.00050226
-13.1291	0.00292289	55.6407	0.000602712
-13.0948	0	55.6751	0.000602712
-13.0604	0	55.7095	0.000602712
-13.026	0	55.7438	0.000602712
-12.9917	0	55.7782	0.000602712
-12.9573	0	55.8126	0.000602712
-12.9229	0	55.8469	0.000602712
-12.8886	0	55.8813	0.000602712
-12.8542	0	55.9157	0.000602712
-12.8198	0	55.9501	0.000602712
-12.7855	0	55.9844	0.000602712
-12.7511	0	56.0188	0.000602712
-12.7167	0	56.0532	0.000602712
-12.6824	0	56.0875	0.000602712
-12.648	0	56.1219	0.000602712
-12.6136	0	56.1563	0.000602712
-12.5793	0	56.1906	0.000602712
-12.5449	0.00292289	56.225	0.000703164
-12.5105	0	56.2594	0.000703164
-12.4762	0	56.2937	0.000703164
-12.4418	0	56.3281	0.000703164
-12.4074	0	56.3625	0.000703164
-12.3731	0	56.3968	0.000703164
-12.3387	0	56.4312	0.000703164
-12.3043	0	56.4656	0.000703164
-12.27	0	56.4999	0.000703164
-12.2356	0	56.5343	0.000703164
-12.2012	0	56.5687	0.000703164
-12.1669	0	56.603	0.000703164
-12.1325	0	56.6374	0.000703164
-12.0981	0	56.6718	0.000703164
-12.0638	0	56.7061	0.000703164
-12.0294	0	56.7405	0.000703164
-11.995	0	56.7749	0.000703164
-11.9606	0	56.8092	0.000703164
-11.9263	0	56.8436	0.000703164
-11.8919	0	56.878	0.000703164
-11.8575	0	56.9123	0.000703164
-11.8232	0	56.9467	0.000703164
-11.7888	0	56.9811	0.000703164
-11.7544	0	57.0154	0.000703164
-11.7201	0	57.0498	0.000703164
-11.6857	0	57.0842	0.000703164
-11.6513	0	57.1185	0.000703164
-11.617	0	57.1529	0.000703164
-11.5826	0	57.1873	0.000703164
-11.5482	0	57.2216	0.000703164
-11.5139	0	57.256	0.000703164
-11.4795	0	57.2904	0.000703164
-11.4451	0	57.3247	0.000703164
-11.4108	0	57.3591	0.000703164
-11.3764	0	57.3935	0.000703164
-11.342	0.00292289	57.4278	0.000803616
-11.3077	0	57.4622	0.000803616
-11.2733	0	57.4966	0.000803616
-11.2389	0	57.5309	0.000803616
-11.2046	0	57.5653	0.000803616
-11.1702	0	57.5997	0.000803616
-11.1358	0	57.6341	0.000803616
-11.1015	0	57.6684	0.000803616
-11.0671	0	57.7028	0.000803616
-11.0327	0	57.7372	0.000803616
-10.9984	0	57.7715	0.000803616
-10.964	0	57.8059	0.000803616
-10.9296	0	57.8403	0.000803616
-10.8953	0	57.8746	0.000803616
-10.8609	0	57.909	0.000803616
-10.8265	0	57.9434	0.000803616
-10.7922	0	57.9777	0.000803616
-10.7578	0	58.0121	0.000803616
-10.7234	0	58.0465	0.000803616
-10.6891	0	58.0808	0.000803616
-10.6547	0	58.1152	0.000803616
-10.6203	0	58.1496	0.000803616
-10.586	0	58.1839	0.000803616
-10.5516	0	58.2183	0.000803616
-10.5172	0	58.2527	0.000803616
-10.4829	0	58.287	0.000803616
-10.4485	0.00292289	58.3214	0.000904068
-10.4141	0	58.3558	0.000904068
-10.3798	0	58.3901	0.000904068
-10.3454	0	58.4245	0.000904068
-10.311	0	58.4589	0.000904068
-10.2766	0	58.4932	0.000904068
-10.2423	0	58.5276	0.000904068
-10.2079	0	58.562	0.000904068
-10.1735	0	58.5963	0.000904068
-10.1392	0	58.6307	0.000904068
-10.1048	0	58.6651	0.000904068
-10.0704	0	58.6994	0.000904068
-10.0361	0	58.7338	0.000904068
-10.0017	0	58.7682	0.000904068
-9.96734	0	58.8025	0.000904068
-9.93297	0	58.8369	0.000904068
-9.89861	0	58.8713	0.000904068
-9.86424	0.00292289	58.9056	0.00100452
-9.82987	0	58.94	0.00100452
-9.7955	0	58.9744	0.00100452
-9.76114	0	59.0087	0.00100452
-9.72677	0	59.0431	0.00100452
-9.6924	0	59.0775	0.00100452
-9.65804	0.00292289	59.1118	0.00110497
-9.62367	0	59.1462	0.00110497
-9.5893	0	59.1806	0.00110497
-9.55493	0	59.215	0.00110497
-9.52057	0	59.2493	0.00110497
-9.4862	0	59.2837	0.00110497
-9.45183	0	59.3181	0.00110497
-9.41746	0	59.3524	0.00110497
-9.3831	0	59.3868	0.00110497
-9.34873	0	59.4212	0.00110497
-9.31436	0	59.4555	0.00110497
-9.27999	0	59.4899	0.00110497
-9.24563	0	59.5243	0.00110497
-9.21126	0	59.5586	0.00110497
-9.17689	0	59.593	0.00110497
-9.14253	0.00292289	59.6274	0.00120542
-9.10816	0.00292289	59.6617	0.00130588
-9.07379	0	59.6961	0.00130588
-9.03942	0.00292289	59.7305	0.00140633
-9.00506	0	59.7648	0.00140633
-8.97069	0	59.7992	0.00140633
-8.93632	0	59.8336	0.00140633
-8.90195	0	59.8679	0.00140633
-8.86759	0	59.9023	0.00140633
-8.83322	0	59.9367	0.00140633
-8.79885	0	59.971	0.00140633
-8.76448	0.00292289	60.0054	0.00150678
-8.73012	0	60.0398	0.00150678
-8.69575	0	60.0741	0.00150678
-8.66138	0	60.1085	0.00150678
-8.62702	0	60.1429	0.00150678
-8.59265	0	60.1772	0.00150678
-8.55828	0	60.2116	0.00150678
-8.52391	0	60.246	0.00150678
-8.48955	0	60.2803	0.00150678
-8.45518	0	60.3147	0.00150678
-8.42081	0.00292289	60.3491	0.00160723
-8.38644	0	60.3834	0.00160723
-8.35208	0	60.4178	0.00160723
-8.31771	0	60.4522	0.00160723
-8.28334	0.00584578	60.4865	0.00180814
-8.24897	0.00584578	60.5209	0.00200904
-8.21461	0	60.5553	0.00200904
-8.18024	0	60.5896	0.00200904
-8.14587	0	60.624	0.00200904
-8.1115	0.00292289	60.6584	0.00210949
-8.07714	0	60.6927	0.00210949
-8.04277	0	60.7271	0.00210949
-8.0084	0.0116916	60.7615	0.0025113
-7.97404	0	60.7958	0.0025113
-7.93967	0.00292289	60.8302	0.00261175
-7.9053	0	60.8646	0.00261175
-7.87093	0.00292289	60.8989	0.0027122
-7.83657	0	60.9333	0.0027122
-7.8022	0.00292289	60.9677	0.00281266
-7.76783	0	61.0021	0.00281266
-7.73346	0	61.0364	0.00281266
-7.6991	0	61.0708	0.00281266
-7.66473	0	61.1052	0.00281266
-7.63036	0	61.1395	0.00281266
-7.59599	0.00584578	61.1739	0.00301356
-7.56163	0	61.2083	0.00301356
-7.52726	0.00292289	61.2426	0.00311401
-7.49289	0	61.277	0.00311401
-7.45852	0.00292289	61.3114	0.00321446
-7.42416	0	61.3457	0.00321446
-7.38979	0	61.3801	0.00321446
-7.35542	0	61.4145	0.00321446
-7.32106	0.00292289	61.4488	0.00331492
-7.28669	0	61.4832	0.00331492
-7.25232	0	61.5176	0.00331492
-7.21795	0	61.5519	0.00331492
-7.18359	0	61.5863	0.00331492
-7.14922	0	61.6207	0.00331492
-7.11485	0	61.655	0.00331492
-7.08048	0	61.6894	0.00331492
-7.04612	0	61.7238	0.00331492
-7.01175	0	61.7581	0.00331492
-6.97738	0	61.7925	0.00331492
-6.94301	0	61.8269	0.00331492
-6.90865	0.00292289	61.8612	0.00341537
-6.87428	0	61.8956	0.00341537
-6.83991	0.00292289	61.93	0.00351582
-6.80555	0	61.9643	0.00351582
-6.77118	0	61.9987	0.00351582
-6.73681	0.00584578	62.0331	0.00371672
-6.70244	0	62.0674	0.00371672
-6.66808	0.00292289	62.1018	0.00381718
-6.63371	0.00584578	62.1362	0.00401808
-6.59934	0.00584578	62.1705	0.00421898
-6.56497	0.00876867	62.2049	0.00452034
-6.53061	0	62.2393	0.00452034
-6.49624	0.00876867	62.2736	0.0048217
-6.46187	0	62.308	0.0048217
-6.4275	0.00292289	62.3424	0.00492215
-6.39314	0.00292289	62.3767	0.0050226
-6.35877	0.00876867	62.4111	0.00532396
-6.3244	0.00876867	62.4455	0.00562531
-6.29003	0.00292289	62.4798	0.00572576
-6.25567	0.00584578	62.5142	0.00592667
-6.2213	0.00292289	62.5486	0.00602712
-6.18693	0	62.583	0.00602712
-6.15257	0	62.6173	0.00602712
-6.1182	0	62.6517	0.00602712
-6.08383	0	62.6861	0.00602712
-6.04946	0	62.7204	0.00602712
-6.0151	0	62.7548	0.00602712
-5.98073	0.00876867	62.7892	0.00632848
-5.94636	0.00292289	62.8235	0.00642893
-5.91199	0	62.8579	0.00642893
-5.87763	0	62.8923	0.00642893
-5.84326	0	62.9266	0.00642893
-5.80889	0	62.961	0.00642893
-5.77452	0.00292289	62.9954	0.00652938
-5.74016	0.00292289	63.0297	0.00662983
-5.70579	0.00292289	63.0641	0.00673028
-5.67142	0	63.0985	0.00673028
-5.63706	0	63.1328	0.00673028
-5.60269	0	63.1672	0.00673028
-5.56832	0	63.2016	0.00673028
-5.53395	0	63.2359	0.00673028
-5.49959	0	63.2703	0.00673028
-5.46522	0	63.3047	0.00673028
-5.43085	0.00292289	63.339	0.00683074
-5.39648	0.00292289	63.3734	0.00693119
-5.36212	0	63.4078	0.00693119
-5.32775	0.00292289	63.4421	0.00703164
-5.29338	0.00292289	63.4765	0.00713209
-5.25901	0	63.5109	0.00713209
-5.22465	0	63.5452	0.00713209
-5.19028	0	63.5796	0.00713209
-5.15591	0	63.614	0.00713209
-5.12154	0	63.6483	0.00713209
-5.08718	0.00584578	63.6827	0.007333
-5.05281	0.00876867	63.7171	0.00763435
-5.01844	0.00292289	63.7514	0.0077348
-4.98408	0.00292289	63.7858	0.00783526
-4.94971	0	63.8202	0.00783526
-4.91534	0.00292289	63.8545	0.00793571
-4.88097	0.00292289	63.8889	0.00803616
-4.84661	0.00584578	63.9233	0.00823706
-4.81224	0	63.9576	0.00823706
-4.77787	0.00584578	63.992	0.00843797
-4.7435	0	64.0264	0.00843797
-4.70914	0	64.0607	0.00843797
-4.67477	0.00292289	64.0951	0.00853842
-4.6404	0	64.1295	0.00853842
-4.60603	0.00292289	64.1638	0.00863887
-4.57167	0	64.1982	0.00863887
-4.5373	0	64.2326	0.00863887
-4.50293	0.00292289	64.267	0.00873933
-4.46857	0	64.3013	0.00873933
-4.4342	0.00292289	64.3357	0.00883978
-4.39983	0	64.37	0.00883978
-4.36546	0	64.4044	0.00883978
-4.3311	0.00584578	64.4388	0.00904068
-4.29673	0.00292289	64.4732	0.00914114
-4.26236	0	64.5075	0.00914114
-4.22799	0.00584578	64.5419	0.00934204
-4.19363	0	64.5763	0.00934204
-4.15926	0.00292289	64.6106	0.00944249
-4.12489	0	64.645	0.00944249
-4.09052	0.00292289	64.6794	0.00954294
-4.05616	0	64.7137	0.00954294
-4.02179	0.00292289	64.7481	0.0096434
-3.98742	0	64.7825	0.0096434
-3.95305	0	64.8168	0.0096434
-3.91869	0.00584578	64.8512	0.0098443
-3.88432	0.0584578	64.8856	0.0118533
-3.84995	0.0175373	64.9199	0.0124561
-3.81559	0.0146145	64.9543	0.0129583
-3.78122	0.00876867	64.9887	0.0132597
-3.74685	0.00584578	65.023	0.0134606
-3.71248	0.00292289	65.0574	0.013561
-3.67812	0.00292289	65.0918	0.0136615
-3.64375	0	65.1261	0.0136615
-3.60938	0	65.1605	0.0136615
-3.57501	0	65.1949	0.0136615
-3.54065	0.00292289	65.2292	0.0137619
-3.50628	0	65.2636	0.0137619
-3.47191	0.00292289	65.298	0.0138624
-3.43754	0.00292289	65.3323	0.0139628
-3.40318	0	65.3667	0.0139628
-3.36881	0.00292289	65.4011	0.0140633
-3.33444	0.00292289	65.4354	0.0141637
-3.30008	0	65.4698	0.0141637
-3.26571	0.00292289	65.5042	0.0142642
-3.23134	0	65.5385	0.0142642
-3.19697	0.00292289	65.5729	0.0143646
-3.16261	0	65.6073	0.0143646
-3.12824	0	65.6416	0.0143646
-3.09387	0	65.676	0.0143646
-3.0595	0	65.7104	0.0143646
-3.02514	0	65.7447	0.0143646
-2.99077	0.00292289	65.7791	0.0144651
-2.9564	0	65.8135	0.0144651
-2.92203	0.00292289	65.8478	0.0145656
-2.88767	0.00584578	65.8822	0.0147665
-2.8533	0	65.9166	0.0147665
-2.81893	0	65.951	0.0147665
-2.78456	0	65.9853	0.0147665
-2.7502	0.00292289	66.0197	0.0148669
-2.71583	0.00292289	66.0541	0.0149674
-2.68146	0.00292289	66.0884	0.0150678
-2.6471	0	66.1228	0.0150678
-2.61273	0.00292289	66.1572	0.0151683
-2.57836	0	66.1915	0.0151683
-2.54399	0.00292289	66.2259	0.0152687
-2.50963	0	66.2603	0.0152687
-2.47526	0.00584578	66.2946	0.0154696
-2.44089	0.00292289	66.329	0.0155701
-2.40652	0	66.3634	0.0155701
-2.37216	0	66.3977	0.0155701
-2.33779	0.00292289	66.4321	0.0156705
-2.30342	0.00876867	66.4665	0.0159719
-2.26905	0	66.5008	0.0159719
-2.23469	0	66.5352	0.0159719
-2.20032	0	66.5696	0.0159719
-2.16595	0.00584578	66.6039	0.0161728
-2.13159	0	66.6383	0.0161728
-2.09722	0	66.6727	0.0161728
-2.06285	0	66.707	0.0161728
-2.02848	0.00876867	66.7414	0.0164741
-1.99412	0	66.7758	0.0164741
-1.95975	0.00292289	66.8101	0.0165746
-1.92538	0.00292289	66.8445	0.016675
-1.89101	0.00292289	66.8789	0.0167755
-1.85665	0	66.9132	0.0167755
-1.82228	0.00876867	66.9476	0.0170769
-1.78791	0.00876867	66.982	0.0173782
-1.75354	0	67.0163	0.0173782
-1.71918	0.00584578	67.0507	0.0175791
-1.68481	0.00584578	67.0851	0.01778
-1.65044	0.00292289	67.1194	0.0178805
-1.61608	0.00292289	67.1538	0.0179809
-1.58171	0	67.1882	0.0179809
-1.54734	0.00584578	67.2225	0.0181818
-1.51297	0	67.2569	0.0181818
-1.47861	0.00292289	67.2913	0.0182823
-1.44424	0.00292289	67.3256	0.0183827
-1.40987	0	67.36	0.0183827
-1.3755	0.00584578	67.3944	0.0185836
-1.34114	0	67.4287	0.0185836
-1.30677	0	67.4631	0.0185836
-1.2724	0	67.4975	0.0185836
-1.23803	0.00876867	67.5318	0.018885
-1.20367	0.00876867	67.5662	0.0191863
-1.1693	0.00292289	67.6006	0.0192868
-1.13493	0.00584578	67.6349	0.0194877
-1.10056	0.00292289	67.6693	0.0195882
-1.0662	0.00876867	67.7037	0.0198895
-1.03183	0.00584578	67.7381	0.0200904
-0.997463	0.00292289	67.7724	0.0201909
-0.963095	0.00584578	67.8068	0.0203918
-0.928728	0.0233831	67.8412	0.0211954
-0.894361	0.00876867	67.8755	0.0214967
-0.859993	0.0467663	67.9099	0.023104
-0.825626	0.00292289	67.9443	0.0232044
-0.791259	0.00584578	67.9786	0.0234053
-0.756891	0.0233831	68.013	0.024209
-0.722524	0.00876867	68.0474	0.0245103
-0.688156	0.0233831	68.0817	0.0253139
-0.653789	0.0146145	68.1161	0.0258162
-0.619422	0.0116916	68.1505	0.026218
-0.585054	0.00876867	68.1848	0.0265193
-0.550687	0.0409205	68.2192	0.0279257
-0.51632	0.0175373	68.2536	0.0285284
-0.481952	0.00584578	68.2879	0.0287293
-0.447585	0.0204602	68.3223	0.0294325
-0.413218	0.0146145	68.3567	0.0299347
-0.37885	0.0146145	68.391	0.030437
-0.344483	0.0116916	68.4254	0.0308388
-0.310116	0.00876867	68.4598	0.0311401
-0.275748	0.0350747	68.4941	0.0323456
-0.241381	0.0146145	68.5285	0.0328478
-0.207014	0.0233831	68.5629	0.0336514
-0.172646	0.143222	68.5972	0.0385736
-0.138279	0.230908	68.6316	0.0465093
-0.103911	0.453048	68.666	0.0620794
-0.0695441	27.2881	68.7003	0.9999
-0.0351768	0.00292289	68.7347	1
