0.000181554	-0.112644
0.000544662	-0.107075
0.000907771	-0.101911
0.00127088	-0.096
0.00163399	-0.090164
0.0019971	-0.0863723
0.0023602	-0.0694864
0.00272331	-0.0658915
0.00308642	-0.0642673
0.00344953	-0.0617849
0.00381264	-0.056926
0.00417574	-0.0549451
0.00453885	-0.0542006
0.00490196	-0.0531645
0.00526507	-0.0526316
0.00562818	-0.0510563
0.00599129	-0.0504731
0.00635439	-0.0501793
0.0067175	-0.0490197
0.00708061	-0.0484849
0.00744372	-0.0482898
0.00780683	-0.0469697
0.00816994	-0.0461215
0.00853304	-0.0460049
0.00889615	-0.0457517
0.00925926	-0.0456989
0.00962237	-0.0451388
0.00998548	-0.0445104
0.0103486	-0.0444915
0.0107117	-0.0444444
0.0110748	-0.0443548
0.0114379	-0.0442176
0.011801	-0.0437956
0.0121641	-0.0436241
0.0125272	-0.0423729
0.0128903	-0.0419907
0.0132534	-0.0418719
0.0136166	-0.0416666
0.0139797	-0.0415842
0.0143428	-0.0414414
0.0147059	-0.0410958
0.015069	-0.0410628
0.0154321	-0.0409356
0.0157952	-0.0406504
0.0161583	-0.0405904
0.0165214	-0.0404495
0.0168845	-0.0399113
0.0172476	-0.0397728
0.0176107	-0.0395315
0.0179739	-0.0394477
0.018337	-0.0393443
0.0187001	-0.0392858
0.0190632	-0.0384616
0.0194263	-0.0376175
0.0197894	-0.0374332
0.0201525	-0.0372093
0.0205156	-0.0370371
0.0208787	-0.037037
0.0212418	-0.0368272
0.0216049	-0.0366242
0.021968	-0.0366056
0.0223312	-0.0361111
0.0226943	-0.0356435
0.0230574	-0.0356348
0.0234205	-0.0352565
0.0237836	-0.0352303
0.0241467	-0.0352113
0.0245098	-0.0352113
0.0248729	-0.0343839
0.025236	-0.0338983
0.0255991	-0.0333334
0.0259622	-0.0331754
0.0263253	-0.0331754
0.0266885	-0.0328767
0.0270516	-0.0326087
0.0274147	-0.0325814
0.0277778	-0.0324676
0.0281409	-0.0324074
0.028504	-0.0320285
0.0288671	-0.0319767
0.0292302	-0.0318725
0.0295933	-0.0317461
0.0299564	-0.031579
0.0303195	-0.0314465
0.0306826	-0.03125
0.0310458	-0.0307692
0.0314089	-0.0307167
0.031772	-0.0306748
0.0321351	-0.030471
0.0324982	-0.0303031
0.0328613	-0.030303
0.0332244	-0.0302115
0.0335875	-0.0301205
0.0339506	-0.0300752
0.0343137	-0.0300301
0.0346768	-0.0300158
0.0350399	-0.029877
0.0354031	-0.0297619
0.0357662	-0.0297029
0.0361293	-0.0296053
0.0364924	-0.0294599
0.0368555	-0.0293454
0.0372186	-0.0291971
0.0375817	-0.0291858
0.0379448	-0.0291595
0.0383079	-0.0289856
0.038671	-0.0289608
0.0390341	-0.028754
0.0393972	-0.0285715
0.0397603	-0.028517
0.0401235	-0.0284281
0.0404866	-0.028409
0.0408497	-0.0283401
0.0412128	-0.0282392
0.0415759	-0.0281691
0.041939	-0.0281691
0.0423021	-0.028103
0.0426652	-0.0280778
0.0430283	-0.0278884
0.0433914	-0.0278552
0.0437545	-0.0277778
0.0441176	-0.0276497
0.0444808	-0.027439
0.0448439	-0.0274223
0.045207	-0.0273972
0.0455701	-0.0272597
0.0459332	-0.0271904
0.0462963	-0.0270758
0.0466594	-0.0269542
0.0470225	-0.0267717
0.0473856	-0.0267063
0.0477487	-0.0266458
0.0481118	-0.0266272
0.0484749	-0.0264706
0.0488381	-0.0263158
0.0492012	-0.026239
0.0495643	-0.0262172
0.0499274	-0.0258065
0.0502905	-0.0256822
0.0506536	-0.0254902
0.0510167	-0.0253353
0.0513798	-0.0253165
0.0517429	-0.0252809
0.052106	-0.0252809
0.0524691	-0.0251798
0.0528322	-0.025
0.0531954	-0.024952
0.0535585	-0.0249376
0.0539216	-0.0246913
0.0542847	-0.0245901
0.0546478	-0.0244445
0.0550109	-0.0243531
0.055374	-0.0243408
0.0557371	-0.0243408
0.0561002	-0.0243205
0.0564633	-0.0242718
0.0568264	-0.0242057
0.0571895	-0.0241692
0.0575527	-0.0240964
0.0579158	-0.0240964
0.0582789	-0.0240964
0.058642	-0.0239808
0.0590051	-0.0238853
0.0593682	-0.0238096
0.0597313	-0.0237741
0.0600944	-0.0235294
0.0604575	-0.0234192
0.0608206	-0.0232018
0.0611837	-0.0231788
0.0615468	-0.0231482
0.0619099	-0.0231214
0.0622731	-0.0230263
0.0626362	-0.0229358
0.0629993	-0.0229007
0.0633624	-0.0228427
0.0637255	-0.0228014
0.0640886	-0.0227642
0.0644517	-0.0226876
0.0648148	-0.0226244
0.0651779	-0.0225807
0.065541	-0.022472
0.0659041	-0.0224215
0.0662672	-0.0224215
0.0666304	-0.0223048
0.0669935	-0.022293
0.0673566	-0.0222773
0.0677197	-0.0222773
0.0680828	-0.0221607
0.0684459	-0.0221089
0.068809	-0.0220913
0.0691721	-0.0220713
0.0695352	-0.0220588
0.0698983	-0.0220472
0.0702614	-0.0220126
0.0706245	-0.0217756
0.0709877	-0.0216216
0.0713508	-0.0215827
0.0717139	-0.0215827
0.072077	-0.0213414
0.0724401	-0.0211382
0.0728032	-0.0211268
0.0731663	-0.0210527
0.0735294	-0.0210211
0.0738925	-0.0210211
0.0742556	-0.0210157
0.0746187	-0.020906
0.0749818	-0.0208333
0.0753449	-0.0208333
0.0757081	-0.0206896
0.0760712	-0.0206185
0.0764343	-0.0206185
0.0767974	-0.0205992
0.0771605	-0.0204842
0.0775236	-0.0204778
0.0778867	-0.0204678
0.0782498	-0.0203443
0.0786129	-0.0203045
0.078976	-0.0202429
0.0793391	-0.0202021
0.0797023	-0.0201342
0.0800654	-0.0201005
0.0804285	-0.0199692
0.0807916	-0.0199501
0.0811547	-0.019943
0.0815178	-0.0199115
0.0818809	-0.019774
0.082244	-0.0197183
0.0826071	-0.0197044
0.0829702	-0.019685
0.0833333	-0.0196463
0.0836964	-0.0196078
0.0840596	-0.0195695
0.0844227	-0.0195599
0.0847858	-0.0195381
0.0851489	-0.0195312
0.085512	-0.0195227
0.0858751	-0.0194691
0.0862382	-0.0193549
0.0866013	-0.0192308
0.0869644	-0.0192308
0.0873275	-0.0191387
0.0876906	-0.0191305
0.0880537	-0.0191257
0.0884168	-0.0191083
0.08878	-0.0189394
0.0891431	-0.0189189
0.0895062	-0.0189125
0.0898693	-0.018868
0.0902324	-0.0188235
0.0905955	-0.0187266
0.0909586	-0.0186626
0.0913217	-0.0186567
0.0916848	-0.018648
0.0920479	-0.0186335
0.092411	-0.0186046
0.0927741	-0.018595
0.0931373	-0.0185873
0.0935004	-0.0185185
0.0938635	-0.0183727
0.0942266	-0.0183334
0.0945897	-0.0183066
0.0949528	-0.0182648
0.0953159	-0.0181518
0.095679	-0.0181406
0.0960421	-0.0180995
0.0964052	-0.0180505
0.0967683	-0.0179211
0.0971314	-0.0178571
0.0974946	-0.0177778
0.0978577	-0.0177515
0.0982208	-0.0176991
0.0985839	-0.0176679
0.098947	-0.0175439
0.0993101	-0.0175159
0.0996732	-0.0175131
0.100036	-0.0174672
0.100399	-0.0174603
0.100763	-0.0174327
0.101126	-0.0173697
0.101489	-0.0173611
0.101852	-0.0172786
0.102215	-0.0172144
0.102578	-0.0171821
0.102941	-0.0171821
0.103304	-0.0171428
0.103667	-0.0171428
0.10403	-0.0170941
0.104394	-0.017094
0.104757	-0.0170732
0.10512	-0.0170648
0.105483	-0.0170279
0.105846	-0.0170214
0.106209	-0.0169491
0.106572	-0.0169491
0.106935	-0.0168919
0.107298	-0.0168539
0.107662	-0.0168068
0.108025	-0.0167785
0.108388	-0.016731
0.108751	-0.0167224
0.109114	-0.0166667
0.109477	-0.0165165
0.10984	-0.0163935
0.110203	-0.0163934
0.110566	-0.0163551
0.11093	-0.0162413
0.111293	-0.0162162
0.111656	-0.0161579
0.112019	-0.0161291
0.112382	-0.0160967
0.112745	-0.016092
0.113108	-0.0160772
0.113471	-0.0160257
0.113834	-0.016
0.114198	-0.0159857
0.114561	-0.0159857
0.114924	-0.0159744
0.115287	-0.0159454
0.11565	-0.015873
0.116013	-0.0158228
0.116376	-0.0157978
0.116739	-0.0157895
0.117102	-0.0157791
0.117466	-0.015748
0.117829	-0.015748
0.118192	-0.0157343
0.118555	-0.0157343
0.118918	-0.0156556
0.119281	-0.0155763
0.119644	-0.0155039
0.120007	-0.0153583
0.12037	-0.0153374
0.120733	-0.0152964
0.121097	-0.0152802
0.12146	-0.0152542
0.121823	-0.0152285
0.122186	-0.0151976
0.122549	-0.0151515
0.122912	-0.0151286
0.123275	-0.0151057
0.123638	-0.0150943
0.124001	-0.0150602
0.124365	-0.0150376
0.124728	-0.0150376
0.125091	-0.0149813
0.125454	-0.014975
0.125817	-0.0149626
0.12618	-0.0149254
0.126543	-0.0148937
0.126906	-0.0147929
0.127269	-0.0146627
0.127633	-0.014658
0.127996	-0.014658
0.128359	-0.014658
0.128722	-0.014652
0.129085	-0.014652
0.129448	-0.0145985
0.129811	-0.0145531
0.130174	-0.0145454
0.130537	-0.0145396
0.130901	-0.0144928
0.131264	-0.0144509
0.131627	-0.0144404
0.13199	-0.0144231
0.132353	-0.0144092
0.132716	-0.0144092
0.133079	-0.0143678
0.133442	-0.0143678
0.133805	-0.0143266
0.134168	-0.0143113
0.134532	-0.0142857
0.134895	-0.014245
0.135258	-0.0142349
0.135621	-0.0142349
0.135984	-0.0142096
0.136347	-0.0141343
0.13671	-0.0140846
0.137073	-0.0140846
0.137436	-0.0140845
0.1378	-0.0140845
0.138163	-0.0140624
0.138526	-0.0140449
0.138889	-0.0139861
0.139252	-0.0139861
0.139615	-0.0139374
0.139978	-0.0139319
0.140341	-0.013913
0.140704	-0.0138889
0.141068	-0.0138613
0.141431	-0.0138505
0.141794	-0.0137931
0.142157	-0.0137796
0.14252	-0.0137694
0.142883	-0.0137457
0.143246	-0.0136752
0.143609	-0.0136452
0.143972	-0.0136364
0.144336	-0.0136286
0.144699	-0.0135922
0.145062	-0.0135922
0.145425	-0.0135593
0.145788	-0.0135396
0.146151	-0.0135338
0.146514	-0.0135135
0.146877	-0.0134529
0.14724	-0.0134357
0.147603	-0.0134228
0.147967	-0.0133779
0.14833	-0.0133779
0.148693	-0.0133779
0.149056	-0.0133631
0.149419	-0.0133588
0.149782	-0.0133334
0.150145	-0.0133333
0.150508	-0.0133333
0.150871	-0.0132979
0.151235	-0.013289
0.151598	-0.013289
0.151961	-0.013289
0.152324	-0.0132743
0.152687	-0.0132013
0.15305	-0.0131579
0.153413	-0.0131005
0.153776	-0.0130933
0.154139	-0.013089
0.154503	-0.0130354
0.154866	-0.0130293
0.155229	-0.0130152
0.155592	-0.0129871
0.155955	-0.012987
0.156318	-0.012987
0.156681	-0.012987
0.157044	-0.012966
0.157407	-0.012931
0.157771	-0.0128618
0.158134	-0.0128618
0.158497	-0.0128411
0.15886	-0.0128206
0.159223	-0.0128
0.159586	-0.0127041
0.159949	-0.0127041
0.160312	-0.0126984
0.160675	-0.0126984
0.161038	-0.0126812
0.161402	-0.0126812
0.161765	-0.0126783
0.162128	-0.0126583
0.162491	-0.0126354
0.162854	-0.0126354
0.163217	-0.0126316
0.16358	-0.0126183
0.163943	-0.0126126
0.164306	-0.0125984
0.16467	-0.0125392
0.165033	-0.0125
0.165396	-0.0125
0.165759	-0.0125
0.166122	-0.0124032
0.166485	-0.0123893
0.166848	-0.0123711
0.167211	-0.0123675
0.167574	-0.0123675
0.167938	-0.0123456
0.168301	-0.012324
0.168664	-0.0123023
0.169027	-0.0122951
0.16939	-0.0122699
0.169753	-0.0122592
0.170116	-0.0122511
0.170479	-0.0122378
0.170842	-0.0121951
0.171206	-0.0121029
0.171569	-0.0121029
0.171932	-0.0120689
0.172295	-0.0120482
0.172658	-0.0120482
0.173021	-0.0120241
0.173384	-0.012
0.173747	-0.0119453
0.17411	-0.0119284
0.174473	-0.0119048
0.174837	-0.0118518
0.1752	-0.0118204
0.175563	-0.011811
0.175926	-0.0117925
0.176289	-0.0117647
0.176652	-0.0117417
0.177015	-0.0117417
0.177378	-0.0116959
0.177741	-0.0116279
0.178105	-0.011611
0.178468	-0.0116086
0.178831	-0.011583
0.179194	-0.011574
0.179557	-0.0115607
0.17992	-0.0115607
0.180283	-0.0114942
0.180646	-0.0114566
0.181009	-0.0114286
0.181373	-0.0114007
0.181736	-0.0113852
0.182099	-0.0113636
0.182462	-0.0113636
0.182825	-0.0112676
0.183188	-0.0112612
0.183551	-0.011236
0.183914	-0.0112
0.184277	-0.0112
0.184641	-0.0111111
0.185004	-0.0110906
0.185367	-0.0110759
0.18573	-0.0110701
0.186093	-0.0110497
0.186456	-0.0110236
0.186819	-0.0110093
0.187182	-0.010969
0.187545	-0.010965
0.187909	-0.0109546
0.188272	-0.010929
0.188635	-0.0109171
0.188998	-0.0109091
0.189361	-0.0109091
0.189724	-0.0109091
0.190087	-0.0108893
0.19045	-0.0108025
0.190813	-0.0107527
0.191176	-0.0107527
0.19154	-0.010687
0.191903	-0.0106761
0.192266	-0.0106761
0.192629	-0.0106221
0.192992	-0.0106195
0.193355	-0.010558
0.193718	-0.0105448
0.194081	-0.0105448
0.194444	-0.0105264
0.194808	-0.0104896
0.195171	-0.0104896
0.195534	-0.0104602
0.195897	-0.0104439
0.19626	-0.0104348
0.196623	-0.0104167
0.196986	-0.0104167
0.197349	-0.0104167
0.197712	-0.0104167
0.198076	-0.0103986
0.198439	-0.0103806
0.198802	-0.0103448
0.199165	-0.010336
0.199528	-0.0103305
0.199891	-0.0103093
0.200254	-0.0102941
0.200617	-0.010274
0.20098	-0.0102564
0.201344	-0.0102564
0.201707	-0.0102458
0.20207	-0.0102389
0.202433	-0.0101833
0.202796	-0.0101523
0.203159	-0.0101523
0.203522	-0.0101449
0.203885	-0.010142
0.204248	-0.0101351
0.204611	-0.0101351
0.204975	-0.010101
0.205338	-0.0100807
0.205701	-0.0100756
0.206064	-0.0100402
0.206427	-0.0100334
0.20679	-0.0100334
0.207153	-0.0100251
0.207516	-0.0100168
0.207879	-0.01
0.208243	-0.00996677
0.208606	-0.00996677
0.208969	-0.00991735
0.209332	-0.00988146
0.209695	-0.00986841
0.210058	-0.00986841
0.210421	-0.00983606
0.210784	-0.00980391
0.211147	-0.00978468
0.211511	-0.00977994
0.211874	-0.00977198
0.212237	-0.00972446
0.2126	-0.00968996
0.212963	-0.00967749
0.213326	-0.00967112
0.213689	-0.00965255
0.214052	-0.00965255
0.214415	-0.00963386
0.214778	-0.00963081
0.215142	-0.00961545
0.215505	-0.00961545
0.215868	-0.00961545
0.216231	-0.00961545
0.216594	-0.00961545
0.216957	-0.00961538
0.21732	-0.00959697
0.217683	-0.00958466
0.218046	-0.00957858
0.21841	-0.00957858
0.218773	-0.00956027
0.219136	-0.00953894
0.219499	-0.00953894
0.219862	-0.00952385
0.220225	-0.0095238
0.220588	-0.00950565
0.220951	-0.00949366
0.221314	-0.00946964
0.221678	-0.00945183
0.222041	-0.00945183
0.222404	-0.00941623
0.222767	-0.009324
0.22313	-0.00931102
0.223493	-0.00930232
0.223856	-0.00927647
0.224219	-0.00925925
0.224582	-0.00924218
0.224946	-0.00924218
0.225309	-0.00922504
0.225672	-0.00920814
0.226035	-0.00918835
0.226398	-0.0091743
0.226761	-0.0091743
0.227124	-0.00915754
0.227487	-0.00914633
0.22785	-0.0091408
0.228214	-0.0091408
0.228577	-0.00912412
0.22894	-0.00911853
0.229303	-0.00909094
0.229666	-0.00907436
0.230029	-0.00907436
0.230392	-0.00907029
0.230755	-0.00905801
0.231118	-0.00905801
0.231481	-0.00904154
0.231845	-0.00904154
0.232208	-0.00902531
0.232571	-0.00900896
0.232934	-0.00899284
0.233297	-0.00899284
0.23366	-0.00898203
0.234023	-0.00897661
0.234386	-0.00896061
0.234749	-0.00895529
0.235113	-0.00894864
0.235476	-0.00894449
0.235839	-0.00894449
0.236202	-0.00892863
0.236565	-0.00892861
0.236928	-0.00892861
0.237291	-0.00889683
0.237654	-0.00888094
0.238017	-0.00888094
0.238381	-0.00887573
0.238744	-0.00886917
0.239107	-0.00884955
0.23947	-0.00883396
0.239833	-0.00881829
0.240196	-0.00881056
0.240559	-0.00880285
0.240922	-0.00880285
0.241285	-0.00879765
0.241649	-0.00879765
0.242012	-0.0087873
0.242375	-0.0087566
0.242738	-0.00874129
0.243101	-0.00872092
0.243464	-0.00872092
0.243827	-0.00871084
0.24419	-0.00869564
0.244553	-0.00868051
0.244916	-0.00868051
0.24528	-0.00868051
0.245643	-0.00867051
0.246006	-0.00865047
0.246369	-0.00860838
0.246732	-0.00857142
0.247095	-0.00856159
0.247458	-0.00854704
0.247821	-0.00853237
0.248184	-0.00845665
0.248548	-0.0084459
0.248911	-0.00842696
0.249274	-0.00841746
0.249637	-0.00836819
0.25	-0.00833337
0.250363	-0.00829183
0.250726	-0.00822372
0.251089	-0.00821013
0.251452	-0.00819671
0.251816	-0.00817995
0.252179	-0.00816997
0.252542	-0.00814663
0.252905	-0.00814663
0.253268	-0.00814663
0.253631	-0.00813007
0.253994	-0.00813007
0.254357	-0.0081081
0.25472	-0.0080808
0.255084	-0.00806451
0.255447	-0.00804289
0.25581	-0.00803212
0.256173	-0.00802571
0.256536	-0.00799999
0.256899	-0.00798402
0.257262	-0.00796812
0.257625	-0.00796812
0.257988	-0.00796174
0.258351	-0.00795228
0.258715	-0.00795228
0.259078	-0.00795228
0.259441	-0.0079365
0.259804	-0.00793646
0.260167	-0.00793646
0.26053	-0.00792078
0.260893	-0.00792078
0.261256	-0.00790513
0.261619	-0.00789892
0.261983	-0.00787401
0.262346	-0.00785854
0.262709	-0.00785854
0.263072	-0.00784313
0.263435	-0.00781249
0.263798	-0.00781249
0.264161	-0.00779726
0.264524	-0.00778209
0.264887	-0.00775199
0.265251	-0.00770712
0.265614	-0.0076923
0.265977	-0.0076923
0.26634	-0.00765692
0.266703	-0.00763367
0.267066	-0.00761904
0.267429	-0.00761904
0.267792	-0.00761031
0.268155	-0.00757575
0.268519	-0.0075529
0.268882	-0.00754716
0.269245	-0.00754716
0.269608	-0.00754716
0.269971	-0.00753015
0.270334	-0.00751879
0.270697	-0.00751879
0.27106	-0.00751875
0.271423	-0.00749063
0.271786	-0.0074738
0.27215	-0.00743494
0.272513	-0.00739371
0.272876	-0.00739371
0.273239	-0.00738007
0.273602	-0.00738007
0.273965	-0.00736648
0.274328	-0.00736648
0.274691	-0.00735299
0.275054	-0.00733944
0.275418	-0.007326
0.275781	-0.007326
0.276144	-0.007326
0.276507	-0.00731269
0.27687	-0.00731269
0.277233	-0.00729926
0.277596	-0.0072992
0.277959	-0.00728605
0.278322	-0.00727272
0.278686	-0.00725952
0.279049	-0.00724637
0.279412	-0.00722021
0.279775	-0.0072072
0.280138	-0.00720457
0.280501	-0.00719424
0.280864	-0.00719424
0.281227	-0.00719424
0.28159	-0.00718132
0.281954	-0.00718132
0.282317	-0.00716845
0.28268	-0.00716845
0.283043	-0.00715984
0.283406	-0.00715563
0.283769	-0.00714285
0.284132	-0.00714285
0.284495	-0.00714285
0.284858	-0.00713012
0.285221	-0.00711233
0.285585	-0.00709219
0.285948	-0.00709219
0.286311	-0.00707964
0.286674	-0.00707964
0.287037	-0.00707552
0.2874	-0.00706713
0.287763	-0.00704225
0.288126	-0.00702581
0.288489	-0.00699308
0.288853	-0.00699308
0.289216	-0.00699308
0.289579	-0.00696872
0.289942	-0.00696061
0.290305	-0.00694444
0.290668	-0.0069324
0.291031	-0.0069324
0.291394	-0.00692846
0.291757	-0.00688468
0.292121	-0.00688468
0.292484	-0.00688468
0.292847	-0.00688067
0.29321	-0.00686106
0.293573	-0.00682593
0.293936	-0.00681812
0.294299	-0.0068143
0.294662	-0.00679117
0.295025	-0.00675675
0.295389	-0.006734
0.295752	-0.0067264
0.296115	-0.00668896
0.296478	-0.00668156
0.296841	-0.00668156
0.297204	-0.00664451
0.297567	-0.00664451
0.29793	-0.00662251
0.298293	-0.00662251
0.298656	-0.00662251
0.29902	-0.00661156
0.299383	-0.00660065
0.299746	-0.00657894
0.300109	-0.00655737
0.300472	-0.00655737
0.300835	-0.00655026
0.301198	-0.00653594
0.301561	-0.00651465
0.301924	-0.00651465
0.302288	-0.00645161
0.302651	-0.00645161
0.303014	-0.00645161
0.303377	-0.00641033
0.30374	-0.00639653
0.304103	-0.0063492
0.304466	-0.00629921
0.304829	-0.00629921
0.305192	-0.00628935
0.305556	-0.00624994
0.305919	-0.00624994
0.306282	-0.00621122
0.306645	-0.00621117
0.307008	-0.00619829
0.307371	-0.00618561
0.307734	-0.00618245
0.308097	-0.00615384
0.30846	-0.00614749
0.308824	-0.00614749
0.309187	-0.00613501
0.30955	-0.00613501
0.309913	-0.00612239
0.310276	-0.00609756
0.310639	-0.00604833
0.311002	-0.00604833
0.311365	-0.00604229
0.311728	-0.00601207
0.312091	-0.00601207
0.312455	-0.00600004
0.312818	-0.00598802
0.313181	-0.00596416
0.313544	-0.00595242
0.313907	-0.00594353
0.31427	-0.00594054
0.314633	-0.0059289
0.314996	-0.00591715
0.315359	-0.00591715
0.315723	-0.00591711
0.316086	-0.00590555
0.316449	-0.00589386
0.316812	-0.00589386
0.317175	-0.0058479
0.317538	-0.00583941
0.317901	-0.00583662
0.318264	-0.00583662
0.318627	-0.00581399
0.318991	-0.00581395
0.319354	-0.00581395
0.319717	-0.00581395
0.32008	-0.00580266
0.320443	-0.00579155
0.320806	-0.00579155
0.321169	-0.00579155
0.321532	-0.00579155
0.321895	-0.0057803
0.322259	-0.0057803
0.322622	-0.0057803
0.322985	-0.00575811
0.323348	-0.00574717
0.323711	-0.00574717
0.324074	-0.00574712
0.324437	-0.00573618
0.3248	-0.00571433
0.325163	-0.00569264
0.325527	-0.00568181
0.32589	-0.00566572
0.326253	-0.00566033
0.326616	-0.00564971
0.326979	-0.00564971
0.327342	-0.00563905
0.327705	-0.00561793
0.328068	-0.00557616
0.328431	-0.0055249
0.328794	-0.00551466
0.329158	-0.00549446
0.329521	-0.00549446
0.329884	-0.0054845
0.330247	-0.0054845
0.33061	-0.00547449
0.330973	-0.00547449
0.331336	-0.00547449
0.331699	-0.00546452
0.332062	-0.00545458
0.332426	-0.00545458
0.332789	-0.00543482
0.333152	-0.00543478
0.333515	-0.00542491
0.333878	-0.00542491
0.334241	-0.0054152
0.334604	-0.00540536
0.334967	-0.00540536
0.33533	-0.00539572
0.335694	-0.00537638
0.336057	-0.00537638
0.33642	-0.00537638
0.336783	-0.00536668
0.337146	-0.00536668
0.337509	-0.00536668
0.337872	-0.00536193
0.338235	-0.00535718
0.338598	-0.00534755
0.338962	-0.00533812
0.339325	-0.00530039
0.339688	-0.00528173
0.340051	-0.00528173
0.340414	-0.00527704
0.340777	-0.00527236
0.34114	-0.00527236
0.341503	-0.00526319
0.341866	-0.00526319
0.342229	-0.00526319
0.342593	-0.00525389
0.342956	-0.00524479
0.343319	-0.00524479
0.343682	-0.00522652
0.344045	-0.00522652
0.344408	-0.00521743
0.344771	-0.00521743
0.345134	-0.00519026
0.345497	-0.00519026
0.345861	-0.00518138
0.346224	-0.00517237
0.346587	-0.00516355
0.34695	-0.00514583
0.347313	-0.00512824
0.347676	-0.00512824
0.348039	-0.00511941
0.348402	-0.00511508
0.348765	-0.0050847
0.349129	-0.00505906
0.349492	-0.00504205
0.349855	-0.00504205
0.350218	-0.00501676
0.350581	-0.00499164
0.350944	-0.00499164
0.351307	-0.00493827
0.35167	-0.00493425
0.352033	-0.00492606
0.352397	-0.00491807
0.35276	-0.004914
0.353123	-0.004914
0.353486	-0.00490199
0.353849	-0.00490199
0.354212	-0.00486219
0.354575	-0.0048544
0.354938	-0.0048544
0.355301	-0.00483087
0.355664	-0.00483087
0.356028	-0.00476951
0.356391	-0.00476951
0.356754	-0.00476186
0.357117	-0.00475059
0.35748	-0.00466566
0.357843	-0.004662
0.358206	-0.00461893
0.358569	-0.00461542
0.358932	-0.00460829
0.359296	-0.00460829
0.359659	-0.00458011
0.360022	-0.00458011
0.360385	-0.00456621
0.360748	-0.0045558
0.361111	-0.0045558
0.361474	-0.00454545
0.361837	-0.0045045
0.3622	-0.00438596
0.362564	-0.00433839
0.362927	-0.00431965
0.36329	-0.00422833
0.363653	-0.00421052
0.364016	-0.00420168
0.364379	-0.004158
0.364742	-0.00414937
0.365105	-0.00414078
0.365468	-0.00414078
0.365832	-0.00414078
0.366195	-0.00412371
0.366558	-0.00410677
0.366921	-0.00408998
0.367284	-0.00406504
0.367647	-0.00405679
0.36801	-0.00405679
0.368373	-0.00404858
0.368736	-0.00404858
0.369099	-0.0040404
0.369463	-0.0040404
0.369826	-0.00403225
0.370189	-0.00403225
0.370552	-0.00400811
0.370915	-0.00400811
0.371278	-0.00400811
0.371641	-0.00400811
0.372004	-0.00399201
0.372367	-0.00398406
0.372731	-0.00398406
0.373094	-0.00396825
0.373457	-0.00396039
0.37382	-0.00396039
0.374183	-0.00396039
0.374546	-0.00395257
0.374909	-0.00394477
0.375272	-0.00394477
0.375635	-0.00390625
0.375999	-0.00390625
0.376362	-0.00390625
0.376725	-0.00384615
0.377088	-0.00383141
0.377451	-0.00382409
0.377814	-0.00381688
0.378177	-0.00380952
0.37854	-0.00378787
0.378903	-0.00378787
0.379267	-0.00378071
0.37963	-0.00377358
0.379993	-0.00377358
0.380356	-0.00375939
0.380719	-0.00374531
0.381082	-0.00373831
0.381445	-0.00373831
0.381808	-0.00372439
0.382171	-0.00372439
0.382535	-0.00371747
0.382898	-0.00371057
0.383261	-0.0037037
0.383624	-0.0037037
0.383987	-0.00369685
0.38435	-0.00369685
0.384713	-0.00368324
0.385076	-0.00368324
0.385439	-0.00368324
0.385802	-0.00368324
0.386166	-0.00366972
0.386529	-0.00366972
0.386892	-0.003663
0.387255	-0.0036563
0.387618	-0.0036563
0.387981	-0.00364963
0.388344	-0.00364307
0.388707	-0.00363636
0.38907	-0.00363636
0.389434	-0.00363636
0.389797	-0.00363636
0.39016	-0.00363636
0.390523	-0.00362976
0.390886	-0.00362318
0.391249	-0.00361663
0.391612	-0.00361663
0.391975	-0.0036036
0.392338	-0.0036036
0.392702	-0.0036036
0.393065	-0.00359712
0.393428	-0.00359712
0.393791	-0.00359066
0.394154	-0.00359066
0.394517	-0.00358423
0.39488	-0.00358423
0.395243	-0.00357781
0.395606	-0.00357781
0.39597	-0.00357781
0.396333	-0.00357143
0.396696	-0.00356506
0.397059	-0.00356506
0.397422	-0.00355872
0.397785	-0.00355872
0.398148	-0.00355239
0.398511	-0.0035461
0.398874	-0.0035461
0.399237	-0.0035461
0.399601	-0.0035461
0.399964	-0.0035461
0.400327	-0.00353982
0.40069	-0.00353357
0.401053	-0.00353357
0.401416	-0.00353357
0.401779	-0.00352733
0.402142	-0.00352733
0.402505	-0.00352112
0.402869	-0.00351494
0.403232	-0.00351494
0.403595	-0.00351494
0.403958	-0.00350877
0.404321	-0.00350877
0.404684	-0.0034844
0.405047	-0.00347222
0.40541	-0.00347222
0.405773	-0.0034662
0.406137	-0.0034602
0.4065	-0.0034602
0.406863	-0.0034602
0.407226	-0.00345423
0.407589	-0.00344827
0.407952	-0.00344234
0.408315	-0.00343642
0.408678	-0.00343053
0.409041	-0.00342465
0.409405	-0.00342465
0.409768	-0.00342465
0.410131	-0.00340136
0.410494	-0.00340136
0.410857	-0.00337838
0.41122	-0.00337838
0.411583	-0.00337268
0.411946	-0.00334448
0.412309	-0.00333333
0.412672	-0.00333333
0.413036	-0.00331126
0.413399	-0.00328947
0.413762	-0.00328947
0.414125	-0.00328947
0.414488	-0.00326797
0.414851	-0.00325733
0.415214	-0.00325733
0.415577	-0.00324149
0.41594	-0.00323624
0.416304	-0.00323101
0.416667	-0.0032258
0.41703	-0.00322061
0.417393	-0.00322061
0.417756	-0.00321543
0.418119	-0.00321027
0.418482	-0.00321027
0.418845	-0.0032052
0.419208	-0.0032052
0.419572	-0.0032
0.419935	-0.00316455
0.420298	-0.00315457
0.420661	-0.00314465
0.421024	-0.00311526
0.421387	-0.00311526
0.42175	-0.00311526
0.422113	-0.00310559
0.422476	-0.00307692
0.422839	-0.0030581
0.423203	-0.0030303
0.423566	-0.00301205
0.423929	-0.0029985
0.424292	-0.00299401
0.424655	-0.00297619
0.425018	-0.00297177
0.425381	-0.00296743
0.425744	-0.00291545
0.426107	-0.00291545
0.426471	-0.00287356
0.426834	-0.00286533
0.427197	-0.00284091
0.42756	-0.0028169
0.427923	-0.00280899
0.428286	-0.00271002
0.428649	-0.00271002
0.429012	-0.0027027
0.429375	-0.00268817
0.429739	-0.00265252
0.430102	-0.00263158
0.430465	-0.00257732
0.430828	-0.00257069
0.431191	-0.00254453
0.431554	-0.00253807
0.431917	-0.00251256
0.43228	-0.00248133
0.432643	-0.00243303
0.433007	-0.00236401
0.43337	-0.00234736
0.433733	-0.00232552
0.434096	-0.00230952
0.434459	-0.00228305
0.434822	-0.00226763
0.435185	-0.00226763
0.435548	-0.00226239
0.435911	-0.0022421
0.436274	-0.0022421
0.436638	-0.00215048
0.437001	-0.00210531
0.437364	-0.00209648
0.437727	-0.00207464
0.43809	-0.00207464
0.438453	-0.00207044
0.438816	-0.00207044
0.439179	-0.00207044
0.439542	-0.00207044
0.439906	-0.00205344
0.440269	-0.00205344
0.440632	-0.00204913
0.440995	-0.00203671
0.441358	-0.00203671
0.441721	-0.00203247
0.442084	-0.00203247
0.442447	-0.00202844
0.44281	-0.00202424
0.443174	-0.00202025
0.443537	-0.00201608
0.4439	-0.00201212
0.444263	-0.00201212
0.444626	-0.00200798
0.444989	-0.00200798
0.445352	-0.00200798
0.445715	-0.00200405
0.446078	-0.00200405
0.446442	-0.00200005
0.446805	-0.00200005
0.447168	-0.00198802
0.447531	-0.00198802
0.447894	-0.00198802
0.448257	-0.00198417
0.44862	-0.00198417
0.448983	-0.00198015
0.449346	-0.00198015
0.44971	-0.00197633
0.450073	-0.00196855
0.450436	-0.00196855
0.450799	-0.00196459
0.451162	-0.00196459
0.451525	-0.00196083
0.451888	-0.00196083
0.452251	-0.0019569
0.452614	-0.00194927
0.452977	-0.00194927
0.453341	-0.00194557
0.453704	-0.0019417
0.454067	-0.00193419
0.45443	-0.00192673
0.454793	-0.00192312
0.455156	-0.00191934
0.455519	-0.00191934
0.455882	-0.00191934
0.456245	-0.00191575
0.456609	-0.00191575
0.456972	-0.001912
0.457335	-0.00190844
0.457698	-0.00189758
0.458061	-0.00189758
0.458424	-0.00188675
0.458787	-0.00187622
0.45915	-0.00186563
0.459513	-0.00186563
0.459877	-0.00185533
0.46024	-0.00185181
0.460603	-0.00185181
0.460966	-0.00185181
0.461329	-0.00185181
0.461692	-0.00184847
0.462055	-0.00184497
0.462418	-0.00184497
0.462781	-0.00183819
0.463145	-0.00183819
0.463508	-0.0018349
0.463871	-0.0018349
0.464234	-0.00183146
0.464597	-0.00183146
0.46496	-0.00183146
0.465323	-0.00182154
0.465686	-0.00182154
0.466049	-0.00182154
0.466412	-0.00182154
0.466776	-0.00181822
0.467139	-0.00181484
0.467502	-0.00180827
0.467865	-0.0018051
0.468228	-0.00180176
0.468591	-0.0017986
0.468954	-0.0017986
0.469317	-0.00179529
0.46968	-0.00179529
0.470044	-0.00179216
0.470407	-0.00179216
0.47077	-0.00179216
0.471133	-0.00178886
0.471496	-0.00178576
0.471859	-0.00178249
0.472222	-0.0017794
0.472585	-0.0017794
0.472948	-0.0017794
0.473312	-0.00177309
0.473675	-0.00177309
0.474038	-0.00177309
0.474401	-0.00176987
0.474764	-0.00176682
0.475127	-0.00176682
0.47549	-0.00176362
0.475853	-0.00176362
0.476216	-0.0017606
0.47658	-0.0017606
0.476943	-0.0017606
0.477306	-0.00175743
0.477669	-0.00175743
0.478032	-0.00175443
0.478395	-0.00175127
0.478758	-0.00175127
0.479121	-0.00174516
0.479484	-0.0017422
0.479847	-0.0017422
0.480211	-0.00173917
0.480574	-0.00173607
0.480937	-0.00173607
0.4813	-0.00173314
0.481663	-0.00173314
0.482026	-0.0017241
0.482389	-0.0017241
0.482752	-0.0017241
0.483115	-0.00172121
0.483479	-0.00171817
0.483842	-0.00171229
0.484205	-0.00170064
0.484568	-0.00169783
0.484931	-0.00168638
0.485294	-0.00167508
0.485657	-0.00166117
0.48602	-0.00166117
0.486383	-0.00166117
0.486747	-0.00165567
0.48711	-0.00165567
0.487473	-0.0016502
0.487836	-0.00164741
0.488199	-0.00163662
0.488562	-0.00163662
0.488925	-0.00163128
0.489288	-0.00161547
0.489651	-0.00161294
0.490015	-0.00161294
0.490378	-0.00161027
0.490741	-0.00160775
0.491104	-0.0016051
0.491467	-0.0016026
0.49183	-0.00159493
0.492193	-0.00159232
0.492556	-0.00158986
0.492919	-0.00158726
0.493282	-0.00158224
0.493646	-0.00158224
0.494009	-0.00157725
0.494372	-0.00156989
0.494735	-0.00156989
0.495098	-0.00156989
0.495461	-0.00156736
0.495824	-0.00156498
0.496187	-0.00152668
0.49655	-0.00152443
0.496914	-0.00151519
0.497277	-0.00148371
0.49764	-0.00146624
0.498003	0.00147707
0.498366	0.00147932
0.498729	0.00148152
0.499092	0.00149035
0.499455	0.0014925
0.499818	0.0014925
0.500182	0.00151972
0.500545	0.00153613
0.500908	0.00155283
0.501271	0.00155517
0.501634	0.00155767
0.501997	0.00156002
0.50236	0.00156743
0.502723	0.00156743
0.503086	0.00157476
0.503449	0.00158475
0.503813	0.00158979
0.504176	0.00160517
0.504539	0.00161034
0.504902	0.00161808
0.505265	0.00162078
0.505628	0.00162334
0.505991	0.00162605
0.506354	0.0016367
0.506718	0.0016393
0.507081	0.0016393
0.507444	0.00165012
0.507807	0.00165012
0.50817	0.00165293
0.508533	0.00165559
0.508896	0.00165841
0.509259	0.00165841
0.509622	0.00166109
0.509985	0.00166109
0.510349	0.00167789
0.510712	0.00168063
0.511075	0.00168923
0.511438	0.00170072
0.511801	0.00170652
0.512164	0.00171522
0.512527	0.00172113
0.51289	0.00172113
0.513253	0.00172418
0.513617	0.00172707
0.51398	0.00172707
0.514343	0.00173014
0.514706	0.00173014
0.515069	0.00173615
0.515432	0.00173615
0.515795	0.00173615
0.516158	0.00173615
0.516521	0.00173917
0.516885	0.00173917
0.517248	0.00174524
0.517611	0.00174524
0.517974	0.00174821
0.518337	0.00175135
0.5187	0.00175135
0.519063	0.00175135
0.519426	0.00175434
0.519789	0.00175434
0.520153	0.00175751
0.520516	0.00176052
0.520879	0.00176052
0.521242	0.00176371
0.521605	0.00176371
0.521968	0.00176674
0.522331	0.00176995
0.522694	0.00177301
0.523057	0.00177624
0.52342	0.00177932
0.523784	0.00178257
0.524147	0.00178257
0.52451	0.00178257
0.524873	0.00178257
0.525236	0.00178567
0.525599	0.00178895
0.525962	0.00178895
0.526325	0.00178895
0.526688	0.00179207
0.527052	0.00179537
0.527415	0.00179537
0.527778	0.00179852
0.528141	0.00179852
0.528504	0.00179852
0.528867	0.00180184
0.52923	0.00180184
0.529593	0.00180184
0.529956	0.00180184
0.53032	0.00180501
0.530683	0.00180836
0.531046	0.00180836
0.531409	0.00180836
0.531772	0.00181155
0.532135	0.00181155
0.532498	0.00181155
0.532861	0.00181492
0.533224	0.00181492
0.533588	0.00181492
0.533951	0.00181822
0.534314	0.00181822
0.534677	0.00181822
0.53504	0.00182145
0.535403	0.00182486
0.535766	0.00182486
0.536129	0.00182811
0.536492	0.00182811
0.536855	0.00183828
0.537219	0.00183828
0.537582	0.00183828
0.537945	0.00184158
0.538308	0.00184158
0.538671	0.00184158
0.539034	0.00184158
0.539397	0.00184158
0.53976	0.00184506
0.540123	0.00184838
0.540487	0.00184838
0.54085	0.00186215
0.541213	0.00186215
0.541576	0.00186571
0.541939	0.00186571
0.542302	0.00186911
0.542665	0.0018727
0.543028	0.00187613
0.543391	0.00188319
0.543755	0.00188684
0.544118	0.00189031
0.544481	0.00189398
0.544844	0.00189749
0.545207	0.00190118
0.54557	0.00191566
0.545933	0.00191566
0.546296	0.00191566
0.546659	0.00192303
0.547023	0.00192683
0.547386	0.00192683
0.547749	0.00193045
0.548112	0.00193794
0.548475	0.00194179
0.548838	0.00194548
0.549201	0.00194548
0.549564	0.00196074
0.549927	0.00196074
0.55029	0.00196074
0.550654	0.00196074
0.551017	0.00196468
0.55138	0.00196468
0.551743	0.00196468
0.552106	0.00196846
0.552469	0.00197243
0.552832	0.00197243
0.553195	0.00197624
0.553558	0.00197624
0.553922	0.00198812
0.554285	0.00199605
0.554648	0.00199605
0.555011	0.00199605
0.555374	0.00200005
0.555737	0.00200005
0.5561	0.00200005
0.556463	0.00200396
0.556826	0.00200396
0.55719	0.00201202
0.557553	0.00201618
0.557916	0.00205334
0.558279	0.0020618
0.558642	0.00206616
0.559005	0.00206616
0.559368	0.00206616
0.559731	0.00206616
0.560094	0.00206616
0.560458	0.00207034
0.560821	0.00207034
0.561184	0.00207474
0.561547	0.00207474
0.56191	0.00207474
0.562273	0.00207895
0.562636	0.00207895
0.562999	0.00208338
0.563362	0.00208338
0.563725	0.00208763
0.564089	0.00208763
0.564452	0.0020921
0.564815	0.00210089
0.565178	0.00214587
0.565541	0.00216925
0.565904	0.00219785
0.566267	0.0022523
0.56663	0.00227785
0.566993	0.0023365
0.567357	0.002353
0.56772	0.00235843
0.568083	0.0024154
0.568446	0.00244504
0.568809	0.00245092
0.569172	0.0024875
0.569535	0.0024875
0.569898	0.00249382
0.570261	0.0025
0.570625	0.00259067
0.570988	0.00260416
0.571351	0.00265252
0.571714	0.00268096
0.572077	0.00273224
0.57244	0.00273972
0.572803	0.00273972
0.573166	0.00276243
0.573529	0.00280899
0.573893	0.0028169
0.574256	0.00283286
0.574619	0.00290697
0.574982	0.00291121
0.575345	0.00294117
0.575708	0.00294985
0.576071	0.00294985
0.576434	0.00297619
0.576797	0.00298507
0.57716	0.00298953
0.577524	0.00299401
0.577887	0.003003
0.57825	0.00301659
0.578613	0.00301659
0.578976	0.00302115
0.579339	0.00302115
0.579702	0.00302115
0.580065	0.00311526
0.580428	0.003125
0.580792	0.00314465
0.581155	0.00315457
0.581518	0.00315457
0.581881	0.00315457
0.582244	0.00316957
0.582607	0.00319496
0.58297	0.00321027
0.583333	0.00321027
0.583696	0.00321543
0.58406	0.00321543
0.584423	0.00321543
0.584786	0.00322061
0.585149	0.00323101
0.585512	0.00323624
0.585875	0.00324675
0.586238	0.00324675
0.586601	0.00327869
0.586964	0.00327869
0.587328	0.00327869
0.587691	0.00330033
0.588054	0.00330033
0.588417	0.00331126
0.58878	0.00331126
0.589143	0.00333333
0.589506	0.00333333
0.589869	0.00334448
0.590232	0.00334448
0.590595	0.00334448
0.590959	0.00336134
0.591322	0.003367
0.591685	0.003367
0.592048	0.00338409
0.592411	0.00338983
0.592774	0.00340136
0.593137	0.00340715
0.5935	0.00341297
0.593863	0.00341297
0.594227	0.0034188
0.59459	0.0034188
0.594953	0.00342465
0.595316	0.00343053
0.595679	0.00343053
0.596042	0.00343053
0.596405	0.00343642
0.596768	0.00343642
0.597131	0.00344234
0.597495	0.00345423
0.597858	0.0034602
0.598221	0.0034602
0.598584	0.00347826
0.598947	0.00348432
0.59931	0.00348432
0.599673	0.0034904
0.600036	0.0034904
0.600399	0.0034965
0.600763	0.0034965
0.601126	0.00350262
0.601489	0.00350877
0.601852	0.00350877
0.602215	0.00350877
0.602578	0.00351494
0.602941	0.00352112
0.603304	0.00352112
0.603667	0.00352112
0.60403	0.00352112
0.604394	0.00353357
0.604757	0.00353357
0.60512	0.00353357
0.605483	0.00353982
0.605846	0.00353982
0.606209	0.00353982
0.606572	0.0035461
0.606935	0.0035461
0.607298	0.0035461
0.607662	0.00355239
0.608025	0.00355872
0.608388	0.00355872
0.608751	0.00355872
0.609114	0.00356506
0.609477	0.00356506
0.60984	0.00357143
0.610203	0.00357143
0.610566	0.00357143
0.61093	0.00357143
0.611293	0.00357143
0.611656	0.00357143
0.612019	0.00357781
0.612382	0.00357781
0.612745	0.00357781
0.613108	0.00358423
0.613471	0.00358423
0.613834	0.00358423
0.614198	0.00358423
0.614561	0.00359066
0.614924	0.00359066
0.615287	0.00359066
0.61565	0.00359066
0.616013	0.00359066
0.616376	0.00359712
0.616739	0.0036036
0.617102	0.0036101
0.617465	0.0036101
0.617829	0.00361663
0.618192	0.00362318
0.618555	0.00362318
0.618918	0.00362985
0.619281	0.00362985
0.619644	0.00363636
0.620007	0.00364298
0.62037	0.00364963
0.620733	0.00364963
0.621097	0.0036563
0.62146	0.00366972
0.621823	0.00366972
0.622186	0.00366972
0.622549	0.00366972
0.622912	0.00366972
0.623275	0.00366972
0.623638	0.00368324
0.624001	0.00368324
0.624365	0.00369003
0.624728	0.00369003
0.625091	0.00369685
0.625454	0.00371747
0.625817	0.00373134
0.62618	0.00374531
0.626543	0.00375234
0.626906	0.00375234
0.627269	0.00375939
0.627633	0.00375939
0.627996	0.00375939
0.628359	0.00375939
0.628722	0.00376647
0.629085	0.00377358
0.629448	0.00378071
0.629811	0.00379506
0.630174	0.00380237
0.630537	0.00381679
0.630901	0.00381679
0.631264	0.00381679
0.631627	0.00381679
0.63199	0.00383877
0.632353	0.00383877
0.632716	0.00385356
0.633079	0.003861
0.633442	0.003861
0.633805	0.00386847
0.634169	0.00387597
0.634532	0.00387597
0.634895	0.00389105
0.635258	0.00389105
0.635621	0.00390625
0.635984	0.00391389
0.636347	0.00391389
0.63671	0.00392157
0.637073	0.00392927
0.637436	0.003937
0.6378	0.00394477
0.638163	0.00394477
0.638526	0.00394477
0.638889	0.00395257
0.639252	0.00395257
0.639615	0.00396039
0.639978	0.00396039
0.640341	0.00396825
0.640704	0.00396825
0.641068	0.00397614
0.641431	0.00398406
0.641794	0.00399211
0.642157	0.004
0.64252	0.00403225
0.642883	0.00403225
0.643246	0.00403225
0.643609	0.00404858
0.643972	0.00408163
0.644336	0.00408998
0.644699	0.00409836
0.645062	0.00411522
0.645425	0.00411522
0.645788	0.00411522
0.646151	0.00413223
0.646514	0.00413223
0.646877	0.00414078
0.64724	0.00417536
0.647604	0.00419287
0.647967	0.00430107
0.64833	0.00431034
0.648693	0.00434782
0.649056	0.0044379
0.649419	0.004451
0.649782	0.00449778
0.650145	0.00451467
0.650508	0.00452488
0.650871	0.00453514
0.651235	0.00455923
0.651598	0.00458018
0.651961	0.00458715
0.652324	0.00458715
0.652687	0.00460126
0.65305	0.00460829
0.653413	0.00460829
0.653776	0.00466559
0.654139	0.00467293
0.654503	0.00467293
0.654866	0.00469479
0.655229	0.00470588
0.655592	0.00473189
0.655955	0.00477327
0.656318	0.0047771
0.656681	0.0047771
0.657044	0.00479616
0.657407	0.00480003
0.657771	0.00480003
0.658134	0.00480003
0.658497	0.00481544
0.65886	0.00483091
0.659223	0.00483095
0.659586	0.00484261
0.659949	0.00485433
0.660312	0.004894
0.660675	0.004914
0.661039	0.00495871
0.661402	0.00496684
0.661765	0.00496684
0.662128	0.00498759
0.662491	0.00501253
0.662854	0.00502508
0.663217	0.00502512
0.66358	0.00504197
0.663943	0.00511949
0.664306	0.0051282
0.66467	0.00515467
0.665033	0.00516347
0.665396	0.00517245
0.665759	0.0051813
0.666122	0.00519035
0.666485	0.00519035
0.666848	0.00519035
0.667211	0.00519934
0.667574	0.00520837
0.667938	0.00521743
0.668301	0.00521743
0.668664	0.00522643
0.669027	0.00523564
0.66939	0.00523564
0.669753	0.00524471
0.670116	0.00524471
0.670479	0.00525398
0.670842	0.00528164
0.671206	0.005291
0.671569	0.00529104
0.671932	0.00530031
0.672295	0.00530977
0.672658	0.0053191
0.673021	0.00532863
0.673384	0.00533803
0.673747	0.00536676
0.67411	0.0053763
0.674473	0.00538603
0.674837	0.00539083
0.6752	0.00539083
0.675563	0.00539564
0.675926	0.00539564
0.676289	0.00540544
0.676652	0.00540544
0.677015	0.00542499
0.677378	0.00542499
0.677741	0.00542499
0.678105	0.00543482
0.678468	0.00544468
0.678831	0.00545458
0.679194	0.00547449
0.679557	0.00547449
0.67992	0.00548441
0.680283	0.00548441
0.680646	0.00548441
0.681009	0.00550454
0.681373	0.0055097
0.681736	0.0055097
0.682099	0.00551474
0.682462	0.00554016
0.682825	0.00554016
0.683188	0.00557625
0.683551	0.00558654
0.683914	0.00559705
0.684277	0.00559705
0.684641	0.00559705
0.685004	0.00560224
0.685367	0.00560743
0.68573	0.00561797
0.686093	0.00561802
0.686456	0.00562847
0.686819	0.00562847
0.687182	0.0056338
0.687545	0.00564967
0.687908	0.00564967
0.688272	0.00568186
0.688635	0.00571428
0.688998	0.00571433
0.689361	0.00574708
0.689724	0.00574712
0.690087	0.0057582
0.69045	0.00578034
0.690813	0.00578034
0.691176	0.00578034
0.69154	0.00578034
0.691903	0.00579145
0.692266	0.00580275
0.692629	0.0058139
0.692992	0.0058139
0.693355	0.0058309
0.693718	0.00583652
0.694081	0.00583652
0.694444	0.00583652
0.694808	0.00584799
0.695171	0.00585932
0.695534	0.00587088
0.695897	0.0058823
0.69626	0.0058823
0.696623	0.00590546
0.696986	0.0059288
0.697349	0.0059288
0.697712	0.00594064
0.698076	0.00594064
0.698439	0.00595233
0.698802	0.00595238
0.699165	0.00596426
0.699528	0.00596426
0.699891	0.00597614
0.700254	0.00597614
0.700617	0.00597907
0.70098	0.00597907
0.701343	0.00598802
0.701707	0.00598807
0.70207	0.00600004
0.702433	0.00601197
0.702796	0.00601197
0.703159	0.00602414
0.703522	0.00602414
0.703885	0.00603616
0.704248	0.00604229
0.704611	0.00604229
0.704975	0.00605143
0.705338	0.00606055
0.705701	0.0060606
0.706064	0.0060606
0.706427	0.00607292
0.70679	0.00607292
0.707153	0.00608827
0.707516	0.0060976
0.707879	0.00610686
0.708243	0.00610993
0.708606	0.00612249
0.708969	0.00614758
0.709332	0.00614758
0.709695	0.00617288
0.710058	0.00618551
0.710421	0.00619194
0.710784	0.00621117
0.711147	0.00626959
0.711511	0.00628935
0.711874	0.00628935
0.712237	0.00630256
0.7126	0.00632911
0.712963	0.00635588
0.713326	0.00638985
0.713689	0.00638985
0.714052	0.00638985
0.714415	0.00642403
0.714778	0.00643086
0.715142	0.00647249
0.715505	0.00647249
0.715868	0.00647953
0.716231	0.0064935
0.716594	0.00650406
0.716957	0.00651465
0.71732	0.00651465
0.717683	0.00655737
0.718046	0.00656814
0.71841	0.00657889
0.718773	0.00657894
0.719136	0.00657894
0.719499	0.00660065
0.719862	0.00660065
0.720225	0.00662251
0.720588	0.00665565
0.720951	0.00667779
0.721314	0.00667779
0.721678	0.00669648
0.722041	0.0067114
0.722404	0.0067114
0.722767	0.0067265
0.72313	0.0067265
0.723493	0.00677965
0.723856	0.00684936
0.724219	0.00686106
0.724582	0.00688468
0.724946	0.00688468
0.725309	0.00688468
0.725672	0.00688468
0.726035	0.00688468
0.726398	0.00689654
0.726761	0.00689654
0.727124	0.00689654
0.727487	0.00690846
0.72785	0.00692834
0.728213	0.0069324
0.728577	0.0069324
0.72894	0.00694452
0.729303	0.00694452
0.729666	0.00695651
0.730029	0.0069808
0.730392	0.006993
0.730755	0.00700525
0.731118	0.00701754
0.731481	0.00701754
0.731845	0.00702581
0.732208	0.00702581
0.732571	0.00702987
0.732934	0.00704225
0.733297	0.00709219
0.73366	0.00710479
0.734023	0.00713012
0.734386	0.00715304
0.734749	0.00715563
0.735113	0.00716845
0.735476	0.00716845
0.735839	0.00716845
0.736202	0.00716845
0.736565	0.00717697
0.736928	0.00722021
0.737291	0.00722897
0.737654	0.00724637
0.738017	0.00724637
0.738381	0.00724637
0.738744	0.00724637
0.739107	0.00725961
0.73947	0.00727272
0.739833	0.00727272
0.740196	0.00728597
0.740559	0.00730997
0.740922	0.0073206
0.741285	0.007326
0.741648	0.00735288
0.742012	0.00735293
0.742375	0.00738007
0.742738	0.00738007
0.743101	0.00738555
0.743464	0.0074074
0.743827	0.0074074
0.74419	0.00746268
0.744553	0.00749063
0.744916	0.00750746
0.74528	0.00751879
0.745643	0.00753295
0.746006	0.00754716
0.746369	0.00757575
0.746732	0.00757584
0.747095	0.00759874
0.747458	0.00762191
0.747821	0.00763358
0.748184	0.00766283
0.748548	0.00766283
0.748911	0.00766283
0.749274	0.00766283
0.749637	0.00766283
0.75	0.00770712
0.750363	0.00771608
0.750726	0.00771608
0.751089	0.007722
0.751452	0.00773694
0.751816	0.00775193
0.752179	0.00775193
0.752542	0.00776698
0.752905	0.00778209
0.753268	0.00781249
0.753631	0.00783289
0.753994	0.00784313
0.754357	0.00785854
0.75472	0.00785854
0.755084	0.00786167
0.755447	0.00787401
0.75581	0.00787401
0.756173	0.00788647
0.756536	0.00788954
0.756899	0.00788954
0.757262	0.00788954
0.757625	0.00789885
0.757988	0.00789885
0.758352	0.00790513
0.758715	0.00793654
0.759078	0.00794916
0.759441	0.00797872
0.759804	0.00798412
0.760167	0.00800003
0.76053	0.00803212
0.760893	0.00803212
0.761256	0.00806451
0.761619	0.0080808
0.761983	0.0080808
0.762346	0.00809716
0.762709	0.00811358
0.763072	0.00811358
0.763435	0.00813007
0.763798	0.00813007
0.764161	0.00818334
0.764524	0.00819667
0.764887	0.00821021
0.765251	0.00822364
0.765614	0.00823726
0.765977	0.00828157
0.76634	0.00829191
0.766703	0.008316
0.767066	0.0083472
0.767429	0.00835654
0.767792	0.00835654
0.768155	0.00837516
0.768519	0.00837988
0.768882	0.00838574
0.769245	0.00838929
0.769608	0.00841754
0.769971	0.00843166
0.770334	0.00847457
0.770697	0.00848892
0.77106	0.00849858
0.771423	0.00852272
0.771787	0.00854696
0.77215	0.008547
0.772513	0.00859598
0.772876	0.00859598
0.773239	0.00864553
0.773602	0.00865055
0.773965	0.00866554
0.774328	0.00866554
0.774691	0.00869564
0.775054	0.00869569
0.775418	0.00871075
0.775781	0.00872604
0.776144	0.00872604
0.776507	0.00872604
0.77687	0.00873362
0.777233	0.0087566
0.777596	0.00877188
0.777959	0.00878738
0.778322	0.0087912
0.778686	0.00879765
0.779049	0.00879765
0.779412	0.00881838
0.779775	0.00884959
0.780138	0.0088652
0.780501	0.0088652
0.780864	0.0088652
0.781227	0.0088652
0.78159	0.00888103
0.781954	0.00888888
0.782317	0.00891269
0.78268	0.00891269
0.783043	0.00892856
0.783406	0.00894854
0.783769	0.00895522
0.784132	0.00896052
0.784495	0.00896052
0.784858	0.00897669
0.785222	0.00899275
0.785585	0.00899549
0.785948	0.00900904
0.786311	0.00904163
0.786674	0.00905801
0.787037	0.00909094
0.7874	0.00912412
0.787763	0.00915331
0.788126	0.00915754
0.788489	0.0091743
0.788853	0.00920244
0.789216	0.00921658
0.789579	0.00922513
0.789942	0.00928073
0.790305	0.00930232
0.790668	0.00936333
0.791031	0.00937499
0.791394	0.00938966
0.791757	0.00939853
0.792121	0.00944881
0.792484	0.00945626
0.792847	0.0094877
0.79321	0.00949366
0.793573	0.00950574
0.793936	0.00950871
0.794299	0.00952385
0.794662	0.00953894
0.795025	0.00956937
0.795389	0.00957849
0.795752	0.00961533
0.796115	0.00963855
0.796478	0.00964629
0.796841	0.00965245
0.797204	0.00966183
0.797567	0.00967122
0.79793	0.00970873
0.798293	0.00970873
0.798657	0.00970873
0.79902	0.00970877
0.799383	0.00970877
0.799746	0.00973235
0.800109	0.00974025
0.800472	0.00974663
0.800835	0.00974663
0.801198	0.00975609
0.801561	0.00977198
0.801924	0.00977198
0.802288	0.00980391
0.802651	0.00980391
0.803014	0.00984246
0.803377	0.00990098
0.80374	0.00990103
0.804103	0.00993377
0.804466	0.0099404
0.804829	0.00995024
0.805192	0.00995024
0.805556	0.00995024
0.805919	0.00996677
0.806282	0.00996677
0.806645	0.00998008
0.807008	0.00999999
0.807371	0.0100502
0.807734	0.0100671
0.808097	0.010084
0.80846	0.010101
0.808824	0.010118
0.809187	0.010118
0.80955	0.0101351
0.809913	0.0101351
0.810276	0.0101523
0.810639	0.0101695
0.811002	0.0102041
0.811365	0.0102041
0.811728	0.0102564
0.812092	0.0102881
0.812455	0.0102881
0.812818	0.0103093
0.813181	0.0103093
0.813544	0.0103093
0.813907	0.010327
0.81427	0.0103735
0.814633	0.010395
0.814996	0.0103986
0.815359	0.0104167
0.815723	0.0104348
0.816086	0.0104895
0.816449	0.0105042
0.816812	0.0105079
0.817175	0.0105421
0.817538	0.0105448
0.817901	0.0105485
0.818264	0.0105634
0.818627	0.0105634
0.818991	0.010582
0.819354	0.0106383
0.819717	0.0106383
0.82008	0.0106572
0.820443	0.0106572
0.820806	0.0106572
0.821169	0.0106761
0.821532	0.010687
0.821895	0.0106952
0.822259	0.0107296
0.822622	0.0107914
0.822985	0.0107914
0.823348	0.0108401
0.823711	0.01085
0.824074	0.0108695
0.824437	0.0108696
0.8248	0.0108992
0.825163	0.0109091
0.825527	0.0109489
0.82589	0.011041
0.826253	0.0110497
0.826616	0.0110584
0.826979	0.0110701
0.827342	0.0111288
0.827705	0.0111358
0.828068	0.0111524
0.828431	0.0112
0.828794	0.0112108
0.829158	0.0112359
0.829521	0.0112359
0.829884	0.0112359
0.830247	0.0112994
0.83061	0.0113268
0.830973	0.0113636
0.831336	0.0113637
0.831699	0.0114679
0.832062	0.0114942
0.832426	0.0115208
0.832789	0.0115208
0.833152	0.0116279
0.833515	0.0116505
0.833878	0.0116731
0.834241	0.0117648
0.834604	0.0117878
0.834967	0.0117878
0.83533	0.0118043
0.835694	0.011811
0.836057	0.0118443
0.83642	0.0118577
0.836783	0.0119048
0.837146	0.0119285
0.837509	0.0119403
0.837872	0.0119522
0.838235	0.0119658
0.838598	0.012
0.838961	0.0120482
0.839325	0.012069
0.839688	0.0121212
0.840051	0.0121951
0.840414	0.0122377
0.840777	0.0122699
0.84114	0.0122699
0.841503	0.0122806
0.841866	0.0123457
0.842229	0.0123457
0.842593	0.0123457
0.842956	0.0123457
0.843319	0.0123894
0.843682	0.012407
0.844045	0.0124555
0.844408	0.012461
0.844771	0.0124689
0.845134	0.0125
0.845497	0.0125196
0.845861	0.0125392
0.846224	0.0125674
0.846587	0.0126263
0.84695	0.0126354
0.847313	0.0126812
0.847676	0.0126985
0.848039	0.0127389
0.848402	0.0127932
0.848765	0.012797
0.849129	0.0128
0.849492	0.012844
0.849855	0.0128617
0.850218	0.0128617
0.850581	0.0128677
0.850944	0.0128824
0.851307	0.0128866
0.85167	0.012987
0.852033	0.0130293
0.852396	0.0130548
0.85276	0.0130597
0.853123	0.0131147
0.853486	0.0131233
0.853849	0.0131332
0.854212	0.0131579
0.854575	0.0131579
0.854938	0.0131869
0.855301	0.0132232
0.855664	0.013294
0.856028	0.0132979
0.856391	0.013308
0.856754	0.0133333
0.857117	0.0133333
0.85748	0.0133333
0.857843	0.0133333
0.858206	0.0133587
0.858569	0.0133779
0.858932	0.0133928
0.859296	0.0134048
0.859659	0.0134228
0.860022	0.0134454
0.860385	0.0134529
0.860748	0.013468
0.861111	0.0134907
0.861474	0.0135397
0.861837	0.0135593
0.8622	0.0135593
0.862564	0.0135746
0.862927	0.0135746
0.86329	0.0136054
0.863653	0.0136453
0.864016	0.0136718
0.864379	0.0136986
0.864742	0.0136987
0.865105	0.0136987
0.865468	0.0137254
0.865831	0.0137458
0.866195	0.0137458
0.866558	0.0137458
0.866921	0.0138409
0.867284	0.0138504
0.867647	0.0138504
0.86801	0.0138568
0.868373	0.013913
0.868736	0.0139616
0.869099	0.0140449
0.869463	0.0140449
0.869826	0.0140845
0.870189	0.0141066
0.870552	0.0141176
0.870915	0.0141593
0.871278	0.0141844
0.871641	0.0141956
0.872004	0.0142045
0.872367	0.014218
0.872731	0.0142602
0.873094	0.0142857
0.873457	0.0142857
0.87382	0.0142857
0.874183	0.0143885
0.874546	0.0144509
0.874909	0.0144927
0.875272	0.0145191
0.875635	0.0145349
0.875999	0.0146252
0.876362	0.014652
0.876725	0.0147059
0.877088	0.0147059
0.877451	0.014742
0.877814	0.014742
0.878177	0.0147493
0.87854	0.0148149
0.878903	0.0148761
0.879267	0.0148761
0.87963	0.0148809
0.879993	0.0149254
0.880356	0.015
0.880719	0.0150944
0.881082	0.0151515
0.881445	0.0151516
0.881808	0.0152284
0.882171	0.0152672
0.882535	0.0153257
0.882898	0.0153321
0.883261	0.0153321
0.883624	0.0153551
0.883987	0.015411
0.88435	0.0154374
0.884713	0.0155211
0.885076	0.0155279
0.885439	0.0155642
0.885802	0.0155979
0.886166	0.0156006
0.886529	0.015625
0.886892	0.0156494
0.887255	0.0157233
0.887618	0.0157233
0.887981	0.0157233
0.888344	0.0157618
0.888707	0.0157895
0.88907	0.0157978
0.889434	0.0158013
0.889797	0.0158172
0.89016	0.0158417
0.890523	0.0159574
0.890886	0.0159745
0.891249	0.0160142
0.891612	0.0160142
0.891975	0.0160714
0.892338	0.016129
0.892702	0.0161943
0.893065	0.0162037
0.893428	0.0162338
0.893791	0.0162601
0.894154	0.0162866
0.894517	0.0163132
0.89488	0.0163265
0.895243	0.0163447
0.895606	0.0163934
0.89597	0.0164474
0.896333	0.0164835
0.896696	0.0165563
0.897059	0.0165745
0.897422	0.0165746
0.897785	0.0165838
0.898148	0.0166667
0.898511	0.0167365
0.898874	0.0167597
0.899237	0.0168919
0.899601	0.0169205
0.899964	0.0169491
0.900327	0.0169491
0.90069	0.0169492
0.901053	0.0170279
0.901416	0.0170576
0.901779	0.0170648
0.902142	0.017115
0.902505	0.0171822
0.902869	0.0172414
0.903232	0.0172711
0.903595	0.0173011
0.903958	0.0173612
0.904321	0.0174418
0.904684	0.0174825
0.905047	0.0174825
0.90541	0.0175438
0.905773	0.0175439
0.906137	0.0176471
0.9065	0.0176678
0.906863	0.0176848
0.907226	0.0176848
0.907589	0.0177305
0.907952	0.0177936
0.908315	0.0178041
0.908678	0.0178041
0.909041	0.0178253
0.909405	0.0178572
0.909768	0.0179372
0.910131	0.0179856
0.910494	0.0180505
0.910857	0.0180505
0.91122	0.0180878
0.911583	0.0181086
0.911946	0.0182724
0.912309	0.0183029
0.912672	0.018315
0.913036	0.0183908
0.913399	0.0184049
0.913762	0.0184564
0.914125	0.0185185
0.914488	0.0185811
0.914851	0.018617
0.915214	0.0186916
0.915577	0.0188679
0.91594	0.0189275
0.916304	0.0189474
0.916667	0.0190059
0.91703	0.0191305
0.917393	0.0191305
0.917756	0.0191694
0.918119	0.0191846
0.918482	0.0192926
0.918845	0.0193704
0.919208	0.0193906
0.919572	0.0194346
0.919935	0.019461
0.920298	0.0194986
0.920661	0.019544
0.921024	0.0195729
0.921387	0.01964
0.92175	0.0198348
0.922113	0.0198348
0.922476	0.0198675
0.92284	0.0199005
0.923203	0.0199693
0.923566	0.0200617
0.923929	0.0201005
0.924292	0.0201149
0.924655	0.020202
0.925018	0.0202312
0.925381	0.0203735
0.925744	0.0203762
0.926107	0.0204081
0.926471	0.0204604
0.926834	0.0204779
0.927197	0.0205832
0.92756	0.0206186
0.927923	0.0206186
0.928286	0.0206767
0.928649	0.02079
0.929012	0.0207972
0.929375	0.0208333
0.929739	0.0208333
0.930102	0.0208334
0.930465	0.0209206
0.930828	0.0210325
0.931191	0.0210697
0.931554	0.0210727
0.931917	0.0210773
0.93228	0.0210773
0.932643	0.0212314
0.933007	0.0212389
0.93337	0.0212766
0.933733	0.0214396
0.934096	0.0214477
0.934459	0.021531
0.934822	0.0215384
0.935185	0.0216217
0.935548	0.0216217
0.935911	0.0216803
0.936275	0.0216803
0.936638	0.0216868
0.937001	0.021692
0.937364	0.0217391
0.937727	0.0217392
0.93809	0.0218182
0.938453	0.0218978
0.938816	0.0219436
0.939179	0.021978
0.939542	0.0219781
0.939906	0.0219781
0.940269	0.0220126
0.940632	0.0220126
0.940995	0.0220264
0.941358	0.0220264
0.941721	0.022152
0.942084	0.022187
0.942447	0.0224719
0.94281	0.022508
0.943174	0.0225225
0.943537	0.0225225
0.9439	0.022541
0.944263	0.0225733
0.944626	0.0225733
0.944989	0.0228138
0.945352	0.0228311
0.945715	0.0229508
0.946078	0.0230263
0.946442	0.0232018
0.946805	0.0232198
0.947168	0.023222
0.947531	0.0232559
0.947894	0.023511
0.948257	0.023569
0.94862	0.0235849
0.948983	0.0236559
0.949346	0.0236842
0.94971	0.0237288
0.950073	0.0238095
0.950436	0.023845
0.950799	0.0238908
0.951162	0.0239044
0.951525	0.0239727
0.951888	0.0240964
0.952251	0.0242058
0.952614	0.0242826
0.952977	0.0243056
0.953341	0.0243161
0.953704	0.0243363
0.954067	0.0244755
0.95443	0.0245614
0.954793	0.0246533
0.955156	0.0249432
0.955519	0.024952
0.955882	0.0250738
0.956245	0.0252294
0.956609	0.0254237
0.956972	0.0254957
0.957335	0.025641
0.957698	0.025641
0.958061	0.0257426
0.958424	0.0260163
0.958787	0.026178
0.95915	0.0262295
0.959513	0.0263157
0.959877	0.0263158
0.96024	0.0265152
0.960603	0.0265363
0.960966	0.0266666
0.961329	0.0267857
0.961692	0.027027
0.962055	0.0273973
0.962418	0.0276242
0.962781	0.0279938
0.963145	0.0280899
0.963508	0.028169
0.963871	0.0283286
0.964234	0.0283581
0.964597	0.0284006
0.96496	0.0287162
0.965323	0.028754
0.965686	0.0290557
0.966049	0.0291005
0.966412	0.0291971
0.966776	0.0292599
0.967139	0.0292683
0.967502	0.0296875
0.967865	0.0302377
0.968228	0.030303
0.968591	0.0307168
0.968954	0.0308988
0.969317	0.0311284
0.96968	0.0316456
0.970044	0.0316456
0.970407	0.0316957
0.97077	0.0318021
0.971133	0.0318472
0.971496	0.0321229
0.971859	0.0321361
0.972222	0.0321543
0.972585	0.0323077
0.972948	0.032538
0.973312	0.033046
0.973675	0.0330579
0.974038	0.0331325
0.974401	0.0333863
0.974764	0.0334346
0.975127	0.033557
0.97549	0.0335731
0.975853	0.0337078
0.976216	0.0338983
0.97658	0.0339506
0.976943	0.0347826
0.977306	0.0348837
0.977669	0.0353818
0.978032	0.0359067
0.978395	0.0362318
0.978758	0.0362811
0.979121	0.0363087
0.979484	0.0366598
0.979847	0.0366748
0.980211	0.0367231
0.980574	0.0368764
0.980937	0.037464
0.9813	0.0376432
0.981663	0.0377907
0.982026	0.0378378
0.982389	0.0380711
0.982752	0.0383275
0.983115	0.0384615
0.983479	0.0384616
0.983842	0.0389049
0.984205	0.0390738
0.984568	0.0391566
0.984931	0.040201
0.985294	0.0407524
0.985657	0.0422536
0.98602	0.0424448
0.986383	0.0429687
0.986747	0.0431893
0.98711	0.0433526
0.987473	0.0433605
0.987836	0.0443038
0.988199	0.0449439
0.988562	0.0451866
0.988925	0.0453721
0.989288	0.0457228
0.989651	0.0464647
0.990015	0.047022
0.990378	0.0470852
0.990741	0.0477611
0.991104	0.0479041
0.991467	0.048048
0.99183	0.0485714
0.992193	0.0487804
0.992556	0.0504348
0.992919	0.0511946
0.993282	0.0514139
0.993646	0.0517799
0.994009	0.0538462
0.994372	0.0549683
0.994735	0.0564334
0.995098	0.0574018
0.995461	0.0611621
0.995824	0.0621762
0.996187	0.0627377
0.996551	0.0639535
0.996914	0.064695
0.997277	0.0697247
0.99764	0.0698925
0.998003	0.0728643
0.998366	0.0767045
0.998729	0.0844445
0.999092	0.0851063
0.999455	0.0885416
0.999818	0.103571
