0	1.1871
1	0.947384
2	0.836521
3	1.59707
4	0.0101371
5	1.99555
6	0.284803
7	0.235913
8	0.446753
9	0.0848856
10	-0.0474098
11	-0.13941
12	0.263811
13	1.24543
14	0.0871411
15	1.28135
16	0.310191
17	0.884952
18	0.994848
19	0.565603
20	-0.205618
21	0.0427589
22	0.0238545
23	1.33818
24	0.207042
25	0.175864
26	-0.170457
27	0.583848
28	0.211565
29	1.6265
30	0.611213
31	-0.124944
32	0.584054
33	-0.0748175
34	0.3926
35	0.694388
36	-0.00839387
37	0.257057
38	0.0134657
39	1.83024
40	0.173606
41	-0.0123007
42	0.224059
43	0.224493
44	0.545174
45	1.19656
46	-0.0650407
47	-0.0216518
48	-0.0167564
49	0.285885
50	0.624701
51	0.0958489
52	0.54011
53	1.06312
54	1.10497
55	0.463909
56	-0.0502012
57	0.660489
58	0.218581
59	0.319987
60	1.14917
61	0.173257
62	0.00412752
63	0.0842726
64	0.383899
65	0.857134
66	0.00352787
67	0.305758
68	0.160989
69	0.00389837
70	0.34804
71	0.410146
72	0.531881
73	0.812641
74	0.522715
75	0.31445
76	0.811484
77	0.872367
78	0.222568
79	0.0275529
80	0.525505
81	0.168301
82	0.157275
83	0.017645
84	0.0893507
85	0.569886
86	0.212395
87	0.147802
88	0.0702354
89	0.00134408
90	0.0798761
91	0.622739
92	0.55051
93	0.0182808
94	0.717905
95	0.871154
96	0.0863793
97	0.123038
98	0.305888
99	0.719137
100	0.372939
101	0.253471
102	0.196011
103	1.33668
104	2.51633
105	0.572143
106	0.391397
107	0.251247
108	0.186965
109	0.540228
110	0.604292
111	0.426616
112	0.571221
113	0.181827
114	0.171317
115	0.865196
116	0.253818
117	0.126753
118	0.378564
119	0.26491
120	0.443313
121	0.298672
122	0.636961
123	2.48611
124	0.114808
125	1.3836
126	0.568809
127	1.05633
128	0.92972
129	0.884524
130	0.726394
131	0.204619
132	0.440161
133	0.096191
134	0.212955
135	1.23192
136	0.492602
137	0.546212
138	0.0757926
139	0.411735
140	0.149042
141	1.0656
142	0.0777395
143	0.982745
144	0.667936
145	0.230712
146	0.924373
147	1.05877
148	0.422944
149	0.711838
150	0.13907
151	0.903416
152	0.958694
153	0.0175839
154	0.16767
155	1.22818
156	0.362947
157	0.253207
158	1.78365
159	0.53782
160	0.687552
161	1.19233
162	0.634745
163	1.71066
164	0.648071
165	1.33401
166	0.934691
167	1.9235
168	0.590681
169	1.64001
170	0.482647
171	0.657835
172	0.287608
173	0.528874
174	1.20032
175	0.873403
176	0.557508
177	0.263713
178	1.29614
179	0.0546539
180	0.630377
181	1.1214
182	-0.00277282
183	0.997838
184	0.849826
185	0.277114
186	0.0351307
187	1.02216
188	0.710756
189	0.5328
190	0.609174
191	0.419845
192	0.287308
193	1.02721
194	0.340646
195	0.385851
196	0.539068
197	0.0262336
198	0.742543
199	0.637856
200	0.0316176
201	0.667164
202	0.960017
203	0.32187
204	1.08282
205	0.105284
206	2.30661
207	0.046372
208	0.566003
209	1.20944
210	0.0496858
211	0.0324523
212	0.704642
213	0.582945
214	0.158624
215	1.05275
216	0.0155442
217	0.676942
218	0.423301
219	0.499759
220	0.0556594
221	0.760541
222	0.0107468
223	0.561902
224	0.452199
225	0.531644
226	0.145786
227	1.10123
228	0.704664
229	0.916642
230	0.22399
231	0.471437
232	0.398749
233	0.352835
234	1.37662
235	0.363401
236	0.305059
237	0.949759
238	0.0957254
239	0.72784
240	0.00028472
241	0.367978
242	0.926465
243	0.498201
244	1.84519
245	0.114965
246	0.682255
247	1.25825
248	0.335631
249	0.240802
250	0.708689
251	0.604882
252	1.28984
253	0.376435
254	0.148494
255	0.109001
256	1.54223
257	0.224112
258	0.775521
259	0.823036
260	0.755364
261	0.979107
262	1.34167
263	0.184563
264	1.0479
265	0.0455287
266	0.6072
267	0.119365
268	1.70931
269	0.342429
270	0.188499
271	0.11467
272	0.0887095
273	0.140515
274	3.5961
275	0.505183
276	0.642546
277	0.108804
278	0.243293
279	0.659743
280	0.0620224
281	0.404763
282	1.50089
283	0.672235
284	0.0523485
285	0.486121
286	0.673728
287	0.406198
288	0.561359
289	0.373276
290	0.758459
291	0.892772
292	0.30065
293	1.30418
294	0.493535
295	0.640965
296	1.09242
297	0.175928
298	0.507086
299	0.963111
300	0.2086
301	0.114178
302	0.34698
303	0.818238
304	1.22727
305	1.18609
306	1.03704
307	0.0103642
308	1.96284
309	0.145427
310	0.156301
311	0.145983
312	0.0670881
313	0.534344
314	1.3109
315	0.110647
316	0.292284
317	1.39258
318	0.159125
319	0.478325
320	0.969735
321	0.734023
322	0.0744136
323	1.52899
324	0.172424
325	0.228803
326	1.2627
327	0.0976896
328	0.714721
329	0.0305547
330	1.13654
331	1.03504
332	0.826482
333	0.812254
334	0.45724
335	0.239905
336	1.69217
337	0.417685
338	0.204663
339	0.27474
340	0.633088
341	0.34325
342	0.566153
343	0.0862567
344	0.0654884
345	0.333608
346	2.08235
347	0.0799861
348	0.204672
349	0.19112
350	0.881657
351	0.602888
352	0.508531
353	0.640838
354	0.249701
355	0.207518
356	0.831846
357	0.47181
358	0.0582043
359	0.486813
360	0.394619
361	0.119518
362	1.55825
363	0.50123
364	0.412285
365	0.688356
366	0.883125
367	0.14434
368	0.23671
369	0.0768794
370	0.88313
371	0.270415
372	0.330562
373	0.80414
374	0.529113
375	0.297735
376	0.123183
377	0.376237
378	0.248942
379	0.0903022
380	0.61411
381	0.242128
382	0.908659
383	0.493226
384	0.15653
385	0.241783
386	1.29009
387	0.558618
388	0.328346
389	1.1276
390	0.773645
391	0.437635
392	0.587125
393	0.087963
394	1.95096
395	0.504717
396	1.59933
397	0.0245704
398	0.132713
399	1.70976
400	0.153895
401	0.296322
402	0.534451
403	0.0289422
404	0.139902
405	0.948165
406	2.39448
407	1.35981
408	0.597228
409	0.561975
410	0.0577613
411	0.00733754
412	0.00697167
413	0.521411
414	0.693668
415	0.334637
416	0.94644
417	0.0657583
418	0.506929
419	0.543382
420	0.0276111
421	1.18168
422	0.333902
423	0.912743
424	0.254092
425	0.506946
426	0.329469
427	0.71915
428	1.39092
429	0.348618
430	0.165906
431	0.168865
432	0.595683
433	1.58517
434	0.117809
435	0.872644
436	0.512242
437	0.73817
438	0.791214
439	0.498487
440	0.0487488
441	0.042427
442	0.998178
443	0.0516949
444	0.187449
445	0.914423
446	0.592489
447	0.307756
448	0.769376
449	0.815322
450	0.852653
451	0.336911
452	0.283151
453	0.573194
454	0.884215
455	0.0264669
456	0.983176
457	0.287146
458	0.120312
459	0.481859
460	0.165371
461	0.365259
462	0.0573536
463	1.23377
464	0.615925
465	0.473753
466	0.105473
467	0.617613
468	0.605522
469	0.458648
470	0.173689
471	0.0892529
472	0.90389
473	0.79711
474	0.195325
475	2.05543
476	0.401946
477	0.293559
478	0.388723
479	0.731937
480	0.0276506
481	0.325522
482	0.409691
483	0.474513
484	0.912518
485	0.00989121
486	0.170464
487	1.00662
488	0.107528
489	0.418483
490	0.399193
491	0.344598
492	0.152479
493	0.0526964
494	0.494738
495	0.273502
496	0.711257
497	0.395136
498	0.832052
499	0.0638834
500	2.5882
501	0.225156
502	0.999285
503	0.318211
504	0.717156
505	0.756408
506	1.28158
507	0.321508
508	0.707963
509	0.548345
510	1.25037
511	0.956376
512	0.295374
513	0.520698
514	0.255184
515	1.01067
516	1.1518
517	0.448279
518	0.0190503
519	1.31962
520	0.58101
521	0.159104
522	0.0144124
523	0.563348
524	0.00470274
525	0.789158
526	0.496643
527	0.602715
528	0.601201
529	0.288003
530	0.368
531	0.574973
532	0.22933
533	0.00537176
534	1.55757
535	1.21288
536	0.286926
537	1.55688
538	0.494475
539	0.042157
540	0.238711
541	0.247996
542	0.871236
543	0.153558
544	0.0125211
545	0.142646
546	0.322151
547	0.0240537
548	0.376428
549	0.059569
550	0.514554
551	0.802928
552	0.216918
553	0.332323
554	0.726318
555	0.786492
556	0.338408
557	0.0342964
558	0.753975
559	1.15698
560	0.425446
561	0.13598
562	0.71225
563	0.023434
564	0.384098
565	0.285657
566	0.101734
567	0.0710699
568	0.112868
569	0.293153
570	0.697918
571	1.51703
572	1.55516
573	0.364971
574	0.757063
575	0.659338
576	0.978745
577	0.895362
578	0.639521
579	0.421381
580	0.188288
581	0.943346
582	0.448212
583	0.202879
584	0.312677
585	0.723662
586	0.00405663
587	0.287536
588	0.430901
589	0.809317
590	0.0883442
591	0.801491
592	0.279247
593	0.239503
594	0.309868
595	0.782657
596	0.0335762
597	0.071188
598	0.471622
599	0.719038
600	0.181249
601	0.888703
602	0.842544
603	0.418942
604	0.00900981
605	0.624959
606	0.24824
607	0.00353482
608	0.605914
609	0.318078
610	0.314062
611	0.379639
612	1.00729
613	0.463788
614	0.448268
615	1.17912
616	1.91569
617	0.0234053
618	0.232885
619	0.0265228
620	1.29063
621	0.125854
622	0.469934
623	0.326049
624	0.609892
625	0.127818
626	0.284089
627	0.157965
628	0.0768338
629	0.0744126
630	0.488191
631	0.314515
632	0.612831
633	0.192436
634	0.492219
635	0.502846
636	0.474087
637	0.407721
638	0.505073
639	0.030156
640	0.883381
641	0.0461002
642	1.25627
643	0.863336
644	0.757765
645	0.01074
646	0.752738
647	0.684709
648	0.177933
649	0.675955
650	0.781039
651	0.749848
652	0.986184
653	0.492775
654	0.283602
655	1.15241
656	0.272493
657	0.186156
658	0.50117
659	0.545849
660	0.078513
661	0.0905338
662	0.719305
663	0.474487
664	0.800101
665	0.167024
666	0.422519
667	0.270096
668	0.0226266
669	0.0709545
670	0.412463
671	0.32201
672	0.120143
673	0.719613
674	0.102095
675	1.09752
676	0.618802
677	0.786875
678	0.434993
679	0.244984
680	0.229233
681	0.0542015
682	0.454829
683	0.233611
684	1.71873
685	0.444151
686	0.073011
687	0.263699
688	1.44985
689	0.378787
690	0.266948
691	0.666016
692	0.670824
693	0.0695047
694	0.939601
695	0.310565
696	0.221531
697	0.00943675
698	0.457753
699	0.23175
700	0.350488
701	0.0303394
702	0.445363
703	0.0207453
704	0.123933
705	0.571542
706	1.25248
707	0.217447
708	0.0105782
709	0.881779
710	0.263099
711	0.251929
712	1.50901
713	0.439997
714	0.718651
715	1.06611
716	1.03051
717	0.298218
718	1.17998
719	0.254831
720	0.22508
721	0.173224
722	0.347862
723	0.416887
724	1.15296
725	0.309835
726	0.932361
727	0.0923167
728	0.262381
729	1.60807
730	0.685947
731	0.510849
732	0.0664556
733	1.5426
734	0.556527
735	0.170327
736	0.0190822
737	2.13016
738	0.436671
739	0.299912
740	0.825561
741	0.207134
742	0.461087
743	0.613054
744	0.221366
745	1.45279
746	1.01891
747	0.904582
748	0.886681
749	0.0479566
750	0.887232
751	0.462191
752	0.522069
753	0.0782233
754	0.913867
755	0.151571
756	0.3473
757	1.4015
758	0.155394
759	0.493046
760	0.79222
761	1.05678
762	0.842301
763	1.21606
764	0.200665
765	0.453024
766	0.490873
767	0.42763
768	0.309939
769	0.149599
770	0.928318
771	0.0478209
772	0.999839
773	0.269664
774	1.69088
775	0.819379
776	0.0356328
777	0.297771
778	0.199486
779	0.117531
780	0.338554
781	0.791679
782	0.559916
783	0.38383
784	0.743835
785	0.797895
786	2.19754
787	0.0477795
788	0.583363
789	1.12428
790	0.570137
791	0.930034
792	0.0698372
793	0.250582
794	0.254544
795	0.251895
796	0.237279
797	0.585042
798	2.29998
799	0.640595
800	0.880925
801	0.044901
802	1.3764
803	0.0160355
804	0.361089
805	0.0781934
806	0.135638
807	0.1922
808	0.540559
809	0.0446255
810	0.226621
811	0.0872853
812	0.628687
813	0.0784698
814	0.0847134
815	0.500568
816	0.907326
817	0.124595
818	1.22133
819	0.0785767
820	1.95583
821	0.271383
822	0.581067
823	0.400995
824	0.222209
825	0.627906
826	1.0957
827	1.54851
828	0.200635
829	0.104294
830	0.631333
831	0.480436
832	1.02484
833	0.500524
834	0.152864
835	0.087172
836	0.507623
837	0.725561
838	2.00637
839	1.28219
840	0.0119919
841	0.809022
842	0.221019
843	0.618037
844	0.435966
845	0.90934
846	0.325103
847	0.505511
848	0.211326
849	1.14469
850	0.306902
851	0.787147
852	0.618275
853	0.255963
854	0.0208205
855	0.71537
856	0.0525612
857	0.783024
858	0.432419
859	1.82764
860	0.243579
861	0.321991
862	1.36439
863	0.18377
864	0.237342
865	1.1418
866	0.167698
867	0.874999
868	0.22403
869	0.485801
870	0.602258
871	0.299435
872	0.156403
873	0.407121
874	0.20645
875	0.831176
876	1.34459
877	0.761981
878	1.35702
879	0.402162
880	0.384658
881	0.959395
882	0.114158
883	0.623572
884	0.0667179
885	0.355925
886	0.174098
887	0.561393
888	0.0248434
889	0.203749
890	0.49394
891	0.0745611
892	0.829706
893	0.243117
894	0.900506
895	0.456814
896	0.686463
897	0.40916
898	0.13014
899	0.265717
900	1.29377
901	2.33115
902	0.58116
903	0.312319
904	0.0773778
905	0.217969
906	0.596003
907	0.0112938
908	0.497187
909	1.39668
910	0.261897
911	2.16321
912	0.353742
913	0.208737
914	0.277567
915	0.269201
916	0.686445
917	0.353151
918	0.230284
919	0.407186
920	1.27777
921	0.130687
922	0.293704
923	0.220818
924	0.193837
925	0.714101
926	0.119928
927	0.262838
928	0.594272
929	0.819956
930	0.19927
931	0.303458
932	1.21739
933	0.715656
934	0.121272
935	0.152286
936	1.01199
937	1.52945
938	0.597
939	0.319202
940	0.235079
941	2.38676
942	0.110613
943	1.62447
944	0.370582
945	0.133874
946	0.509083
947	0.232574
948	0.376646
949	0.143947
950	0.428352
951	0.380621
952	1.76435
953	0.454917
954	0.106519
955	1.25692
956	0.0469145
957	1.17
958	0.763436
959	0.539023
960	0.746712
961	0.717675
962	0.591394
963	0.821372
964	0.4292
965	0.868838
966	0.110362
967	1.44586
968	1.31759
969	0.561376
970	1.40694
971	0.671076
972	0.863733
973	0.371443
974	0.928253
975	0.0582934
976	1.18446
977	0.477112
978	0.139364
979	0.516213
980	0.788283
981	0.56753
982	0.540013
983	0.819587
984	0.823194
985	0.0542422
986	0.684177
987	1.68337
988	0.72494
989	0.746596
990	0.500068
991	1.39911
992	1.21131
993	0.105901
994	0.429352
995	0.633292
996	0.647368
997	1.36962
998	0.435631
999	0.264834
1000	0.46631
1001	0.0375123
1002	0.964789
1003	0.342363
1004	0.565192
1005	0.368981
1006	0.68929
1007	1.81329
1008	0.431619
1009	1.19103
1010	1.13816
1011	1.41727
1012	0.268345
1013	0.0535434
1014	0.325981
1015	0.8009
1016	0.0431788
1017	0.626406
1018	0.104284
1019	0.330817
1020	0.215128
1021	0.939745
1022	0.0556943
1023	0.564752
1024	0.174292
1025	0.219591
1026	0.855104
1027	0.176004
1028	0.819013
1029	0.126033
1030	0.893423
1031	0.506919
1032	0.314357
1033	0.345647
1034	0.433963
1035	0.391905
1036	0.128378
1037	0.168083
1038	0.996371
1039	0.607653
1040	0.923316
1041	0.980275
1042	0.54296
1043	0.0075473
1044	0.21462
1045	0.414329
1046	1.43967
1047	0.35606
1048	0.0169265
1049	0.645408
1050	0.765842
1051	0.738096
1052	0.127192
1053	0.834791
1054	0.0661598
1055	0.000407967
1056	0.484747
1057	0.91545
1058	1.71236
1059	0.199095
1060	0.461005
1061	0.103025
1062	0.0144757
1063	2.13879
1064	0.381736
1065	1.79025
1066	0.573758
1067	0.345712
1068	0.96186
1069	0.476361
1070	0.184215
1071	0.177102
1072	0.385868
1073	0.557956
1074	1.18384
1075	0.28999
1076	0.218974
1077	0.316178
1078	0.149188
1079	0.984374
1080	0.186386
1081	0.3512
1082	0.192506
1083	0.0906154
1084	0.0854236
1085	1.0195
1086	0.64069
1087	0.0304441
1088	0.586009
1089	2.26925
1090	0.238634
1091	1.22059
1092	0.338706
1093	0.404247
1094	0.378033
1095	0.476004
1096	0.0840349
1097	0.0623876
1098	0.333427
1099	0.549779
1100	0.553554
1101	0.345915
1102	0.298258
1103	0.0738868
1104	0.000142128
1105	0.603651
1106	0.722139
1107	0.393357
1108	1.38405
1109	0.272672
1110	0.476311
1111	0.852923
1112	0.644468
1113	0.755056
1114	0.0341767
1115	1.40208
1116	0.353011
1117	0.197406
1118	0.308851
1119	0.506881
1120	0.21849
1121	0.3511
1122	0.132494
1123	1.26953
1124	0.675178
1125	0.255937
1126	0.812973
1127	0.101347
1128	0.0376116
1129	0.517816
1130	0.511332
1131	0.860479
1132	0.0592055
1133	0.754777
1134	0.0814624
1135	0.693245
1136	0.792354
1137	0.649612
1138	0.268862
1139	0.222728
1140	0.731323
1141	1.05735
1142	1.21106
1143	0.764833
1144	-0.00210808
1145	0.595754
1146	0.0579027
1147	0.861827
1148	1.32414
1149	0.453905
1150	0.856157
1151	0.183888
1152	0.00391548
1153	0.621167
1154	1.52634
1155	0.225163
1156	0.290857
1157	0.227917
1158	1.1911
1159	2.02623
1160	0.458964
1161	0.816222
1162	0.580939
1163	1.20489
1164	0.121307
1165	0.261781
1166	0.780061
1167	0.422912
1168	0.986447
1169	0.373564
1170	0.581535
1171	0.203462
1172	0.0207211
1173	0.558158
1174	0.40275
1175	0.228603
1176	0.0643993
1177	0.266406
1178	0.661892
1179	0.360689
1180	1.02428
1181	0.309716
1182	0.299788
1183	0.49762
1184	0.145548
1185	0.139202
1186	0.641338
1187	0.212615
1188	0.267988
1189	0.483278
1190	0.767042
1191	0.0690836
1192	0.824378
1193	0.193525
1194	1.0778
1195	0.138105
1196	0.852707
1197	1.1297
1198	0.795197
1199	2.06147
1200	0.197561
1201	0.38564
1202	0.430306
1203	0.298625
1204	0.410524
1205	0.47965
1206	0.200786
1207	0.960105
1208	1.61383
1209	0.506828
1210	0.34058
1211	0.53072
1212	0.570096
1213	1.33932
1214	0.328906
1215	0.417016
1216	0.425417
1217	0.469704
1218	0.359741
1219	0.603854
1220	0.753137
1221	0.216274
1222	0.389192
1223	0.848191
1224	1.02448
1225	0.229968
1226	1.07389
1227	0.335775
1228	0.173194
1229	0.336786
1230	0.699695
1231	0.661303
1232	0.486456
1233	0.291048
1234	1.38421
1235	0.89689
1236	0.417893
1237	1.94428
1238	0.295299
1239	0.0513728
1240	0.154285
1241	0.201289
1242	0.112516
1243	0.958429
1244	0.140629
1245	0.00353432
1246	0.475992
1247	0.394935
1248	0.359013
1249	1.03722
1250	0.519894
1251	0.094375
1252	0.411246
1253	0.954333
1254	0.409387
1255	0.906173
1256	0.0661941
1257	0.355252
1258	0.629743
1259	0.812457
1260	0.504852
1261	0.676171
1262	1.40999
1263	0.302032
1264	0.0382781
1265	0.249711
1266	0.526565
1267	0.35673
1268	0.547891
1269	1.20701
1270	1.04152
1271	0.249805
1272	0.601531
1273	0.517652
1274	1.22139
1275	0.178038
1276	0.142559
1277	0.719096
1278	0.56257
1279	0.143085
1280	0.446575
1281	0.644179
1282	0.167864
1283	0.182639
1284	0.249339
1285	0.802946
1286	0.0292881
1287	0.243747
1288	0.366956
1289	0.0208641
1290	0.732348
1291	0.784876
1292	0.578358
1293	0.188809
1294	1.6978
1295	1.63841
1296	0.023966
1297	0.357389
1298	0.117642
1299	0.265585
1300	0.149866
1301	0.718615
1302	1.3698
1303	0.463097
1304	0.59912
1305	0.132388
1306	0.0926984
1307	0.412285
1308	0.32631
1309	0.222684
1310	0.40498
1311	0.651452
1312	0.368084
1313	0.192031
1314	0.616219
1315	1.12001
1316	0.0718613
1317	0.405148
1318	0.217182
1319	1.70094
1320	0.575123
1321	0.237055
1322	0.469246
1323	0.198053
1324	0.296485
1325	-0.00712304
1326	0.0947294
1327	0.166476
1328	1.23255
1329	0.368135
1330	0.82289
1331	0.10573
1332	0.346647
1333	1.23913
1334	0.0201048
1335	0.987722
1336	0.579156
1337	1.23379
1338	0.614115
1339	0.246178
1340	0.304575
1341	3.14786
1342	0.0730588
1343	-0.000187603
1344	1.0162
1345	0.486593
1346	1.59716
1347	0.373013
1348	0.50548
1349	0.941918
1350	0.208619
1351	1.08612
1352	0.0631059
1353	0.37283
1354	0.645361
1355	0.685641
1356	0.112562
1357	0.356281
1358	1.31644
1359	0.557749
1360	0.316744
1361	0.336729
1362	0.193924
1363	0.0459937
1364	0.93164
1365	1.05055
1366	0.0655563
1367	0.420342
1368	0.0249285
1369	0.0103327
1370	0.176945
1371	0.487857
1372	1.40711
1373	1.89693
1374	0.755969
1375	1.34403
1376	0.0747109
1377	0.635631
1378	1.18467
1379	0.289842
1380	0.608519
1381	0.917265
1382	0.418702
1383	0.531288
1384	0.740013
1385	0.834682
1386	0.694536
1387	0.343464
1388	0.57362
1389	1.6286
1390	0.557311
1391	0.0541102
1392	0.604567
1393	0.711806
1394	1.12928
1395	0.122691
1396	0.115648
1397	0.959711
1398	0.0845727
1399	1.84392
1400	0.481897
1401	0.0208661
1402	1.30368
1403	0.650426
1404	0.274304
1405	0.592582
1406	0.192017
1407	0.691412
1408	0.818035
1409	0.64172
1410	0.223446
1411	0.367481
1412	0.633067
1413	0.250759
1414	0.187911
1415	1.18447
1416	0.36647
1417	0.111321
1418	0.0147
1419	0.282819
1420	0.116869
1421	0.665475
1422	0.437763
1423	0.888318
1424	0.171183
1425	0.358309
1426	0.625851
1427	1.06677
1428	0.733335
1429	-0.00329492
1430	0.391701
1431	1.10379
1432	1.05342
1433	0.518187
1434	0.258858
1435	0.0226377
1436	1.0032
1437	0.560756
1438	0.642522
1439	0.330661
1440	0.642292
1441	1.06395
1442	1.08898
1443	0.00220235
1444	1.21731
1445	0.19633
1446	0.137106
1447	0.382477
1448	0.766389
1449	0.386171
1450	1.76777
1451	0.279055
1452	0.594989
1453	0.810066
1454	0.118477
1455	0.0709682
1456	0.195373
1457	0.78033
1458	0.0517679
1459	0.236735
1460	0.456086
1461	0.115693
1462	0.653919
1463	0.61416
1464	1.13791
1465	0.158023
1466	-0.00232768
1467	1.63764
1468	1.18934
1469	1.01361
1470	0.285131
1471	0.323491
1472	0.598432
1473	0.654932
1474	0.111703
1475	1.10788
1476	0.647686
1477	0.522531
1478	0.744744
1479	0.199714
1480	0.306156
1481	0.618684
1482	0.852791
1483	0.073855
1484	0.677531
1485	0.147112
1486	0.0180032
1487	0.898763
1488	1.2186
1489	0.638367
1490	-0.00143511
1491	0.330677
1492	1.05477
1493	0.011602
1494	0.0507131
1495	0.981235
1496	0.185107
1497	0.450187
1498	0.026656
1499	0.421566
1500	0.257775
1501	0.243138
1502	0.4081
1503	0.542293
1504	0.451896
1505	0.280554
1506	0.468152
1507	0.973795
1508	0.174217
1509	0.484095
1510	0.358178
1511	1.04068
1512	0.127175
1513	0.517929
1514	0.106894
1515	0.921124
1516	0.698091
1517	0.257511
1518	1.14584
1519	0.855715
1520	1.14221
1521	0.478408
1522	0.654789
1523	0.854873
1524	0.0127715
1525	0.834204
1526	0.358497
1527	0.347898
1528	1.59281
1529	1.15276
1530	0.275864
1531	0.879898
1532	0.207265
1533	0.526406
1534	1.20473
1535	0.115475
1536	0.654502
1537	1.09098
1538	0.0784641
1539	0.134207
1540	0.711109
1541	0.337239
1542	0.0655939
1543	0.07979
1544	0.912928
1545	0.357085
1546	0.402291
1547	0.184114
1548	0.40797
1549	0.737704
1550	0.0648746
1551	0.464307
1552	0.163369
1553	0.38558
1554	0.0998138
1555	0.609953
1556	0.0718815
1557	0.259986
1558	0.289631
1559	0.93052
1560	0.339124
1561	1.43003
1562	0.243284
1563	1.12328
1564	0.0658865
1565	1.05477
1566	0.102866
1567	0.388772
1568	1.52159
1569	1.0267
1570	0.780815
1571	0.768544
1572	0.110856
1573	0.00097075
1574	0.315901
1575	0.08634
1576	0.821674
1577	0.024522
1578	0.539442
1579	0.519529
1580	0.0182432
1581	0.393325
1582	0.626865
1583	0.722772
1584	0.135146
1585	0.21414
1586	0.21721
1587	1.0667
1588	0.166693
1589	0.376093
1590	0.109462
1591	1.01445
1592	0.114586
1593	0.1478
1594	0.410238
1595	0.0921828
1596	0.122451
1597	1.3309
1598	0.227322
1599	0.203902
1600	0.510031
1601	0.882535
1602	0.388674
1603	0.478859
1604	0.495468
1605	0.195693
1606	1.63379
1607	0.555536
1608	1.34822
1609	0.138708
1610	0.834192
1611	0.125647
1612	0.276441
1613	1.58924
1614	1.09372
1615	0.233025
1616	0.651506
1617	0.310751
1618	0.0607388
1619	0.355928
1620	-0.00238147
1621	2.01847
1622	0.135439
1623	1.11587
1624	0.323613
1625	1.32469
1626	0.399002
1627	1.06382
1628	0.304092
1629	0.362907
1630	0.190444
1631	0.148921
1632	0.339143
1633	0.0440009
1634	0.561771
1635	1.68978
1636	0.2121
1637	0.691281
1638	0.438367
1639	0.212944
1640	0.162022
1641	0.245375
1642	0.339776
1643	0.217688
1644	0.900582
1645	0.166378
1646	0.23246
1647	0.0515408
1648	0.356868
1649	0.5906
1650	1.07497
1651	0.23685
1652	1.20336
1653	0.695124
1654	0.806525
1655	0.482656
1656	0.628253
1657	0.492861
1658	0.268362
1659	0.970791
1660	0.496265
1661	0.455844
1662	0.189386
1663	0.650599
1664	0.167029
1665	0.19236
1666	0.160073
1667	0.289052
1668	0.785324
1669	0.172757
1670	0.0459472
1671	0.424086
1672	0.481424
1673	0.623935
1674	0.432106
1675	0.80594
1676	0.444607
1677	0.70854
1678	1.11334
1679	0.741328
1680	0.205513
1681	1.28227
1682	0.754839
1683	0.703959
1684	0.490959
1685	0.472252
1686	0.100403
1687	0.0982586
1688	0.0339646
1689	0.251098
1690	0.622052
1691	0.698668
1692	0.448408
1693	0.57748
1694	0.481657
1695	0.460613
1696	0.484683
1697	1.15705
1698	0.0671667
1699	0.0169176
1700	0.485888
1701	0.343116
1702	0.103485
1703	0.646332
1704	0.96355
1705	0.054255
1706	0.910506
1707	0.544282
1708	0.059909
1709	0.242857
1710	0.00562243
1711	0.679299
1712	0.0828603
1713	0.146798
1714	1.12644
1715	0.0075221
1716	0.427454
1717	1.46877
1718	0.687803
1719	0.540065
1720	0.166073
1721	0.253618
1722	1.31605
1723	0.33914
1724	0.0370244
1725	1.05296
1726	0.227672
1727	0.468415
1728	0.246868
1729	0.250825
1730	0.201878
1731	0.015335
1732	0.0390337
1733	0.178472
1734	0.137863
1735	0.478455
1736	0.414572
1737	0.0612384
1738	0.0978425
1739	1.03381
1740	0.447343
1741	0.327466
1742	0.203415
1743	1.43555
1744	0.373284
1745	0.708969
1746	0.558355
1747	0.84912
1748	0.10551
1749	0.410943
1750	0.894977
1751	0.750321
1752	1.59972
1753	1.3714
1754	1.49446
1755	0.0244324
1756	0.740104
1757	0.258984
1758	1.48717
1759	0.089421
1760	0.350237
1761	0.483084
1762	0.439977
1763	0.459477
1764	0.594291
1765	1.41313
1766	0.422254
1767	0.0930791
1768	0.647216
1769	0.801967
1770	0.354736
1771	0.547838
1772	1.08715
1773	0.711716
1774	0.32704
1775	0.340903
1776	1.04259
1777	0.297218
1778	0.114082
1779	0.271525
1780	0.575844
1781	1.95395
1782	0.131331
1783	0.433787
1784	0.749817
1785	1.58368
1786	1.0946
1787	0.601163
1788	0.0290259
1789	0.445723
1790	0.165232
1791	0.120748
1792	1.07315
1793	1.0585
1794	0.271069
1795	1.42717
1796	0.643163
1797	0.081171
1798	0.715333
1799	0.045005
1800	0.822291
1801	0.234119
1802	0.195849
1803	0.669859
1804	0.567658
1805	0.219441
1806	1.5054
1807	0.356889
1808	1.30615
1809	0.0892989
1810	0.201411
1811	1.13076
1812	0.166805
1813	1.28179
1814	0.414547
1815	1.40908
1816	0.637988
1817	0.189132
1818	1.04062
1819	0.593434
1820	0.400189
1821	0.506266
1822	0.3721
1823	0.944829
1824	0.646854
1825	0.15679
1826	0.790803
1827	0.455212
1828	0.22529
1829	0.0095717
1830	0.24546
1831	1.82036
1832	0.250184
1833	0.250678
1834	1.35211
1835	0.953263
1836	1.09789
1837	0.0917924
1838	0.0578995
1839	0.561569
1840	0.218252
1841	1.51655
1842	0.363933
1843	0.606756
1844	0.220379
1845	0.282156
1846	0.706922
1847	0.384945
1848	0.110449
1849	0.157559
1850	0.835855
1851	0.564195
1852	0.196319
1853	0.39269
1854	0.496381
1855	0.261277
1856	2.11749
1857	0.601352
1858	0.300782
1859	1.16726
1860	0.210839
1861	0.330652
1862	0.786872
1863	0.20469
1864	0.401404
1865	0.232482
1866	0.13891
1867	0.33733
1868	0.549972
1869	0.0295853
1870	0.585615
1871	0.438315
1872	2.33935
1873	0.403613
1874	0.111117
1875	0.354287
1876	0.850947
1877	0.812315
1878	1.2626
1879	0.941833
1880	0.00578629
1881	0.265994
1882	0.0393005
1883	0.242298
1884	0.325738
1885	0.691258
1886	0.0987858
1887	1.70165
1888	0.299545
1889	0.915042
1890	0.138892
1891	0.231701
1892	0.302029
1893	0.502245
1894	1.33143
1895	0.861479
1896	0.0260827
1897	0.104392
1898	0.290538
1899	1.33614
1900	0.308662
1901	0.17123
1902	0.323035
1903	1.33559
1904	0.00770838
1905	0.279338
1906	0.0851228
1907	1.0814
1908	0.541445
1909	-0.00243159
1910	0.134113
1911	0.143937
1912	0.176406
1913	0.368022
1914	2.56393
1915	0.823605
1916	0.929127
1917	0.0134908
1918	0.764981
1919	1.10437
1920	1.73135
1921	1.13289
1922	0.150349
1923	0.164727
1924	1.75419
1925	0.424594
1926	0.692463
1927	1.08078
1928	0.640237
1929	1.6793
1930	0.354686
1931	0.702545
1932	0.625348
1933	0.577896
1934	0.171494
1935	0.637584
1936	0.991124
1937	0.327633
1938	0.662614
1939	1.01292
1940	0.440498
1941	0.310766
1942	0.559899
1943	0.567086
1944	1.00157
1945	0.0604804
1946	0.208522
1947	1.43302
1948	0.283295
1949	0.231217
1950	0.0838879
1951	0.439029
1952	0.461971
1953	0.206534
1954	0.445891
1955	0.494233
1956	1.11043
1957	0.236981
1958	0.403131
1959	1.57227
1960	0.4525
1961	0.240321
1962	-0.00514512
1963	1.07629
1964	1.1184
1965	1.18437
1966	0.00931239
1967	0.458843
1968	0.0779915
1969	1.04489
1970	0.710611
1971	0.872617
1972	1.22846
1973	0.223092
1974	0.332065
1975	0.980686
1976	1.61726
1977	0.250885
1978	0.53237
1979	0.00339932
1980	0.172648
1981	0.384737
1982	0.0288689
1983	0.413162
1984	0.264754
1985	0.0157201
1986	1.44761
1987	0.417343
1988	0.0811222
1989	0.130591
1990	0.172765
1991	0.113516
1992	0.0618942
1993	1.45836
1994	0.562286
1995	0.710858
1996	0.103794
1997	1.18772
1998	0.212428
1999	0.186694
2000	0.245787
2001	0.71984
2002	0.528621
2003	0.30929
2004	0.36974
2005	0.124162
2006	1.17843
2007	0.138911
2008	0.718202
2009	0.467296
2010	0.366768
2011	0.102137
2012	0.419025
2013	0.699477
2014	0.557139
2015	1.26388
2016	0.177007
2017	0.283427
2018	0.975772
2019	0.195565
2020	0.44182
2021	1.374
2022	0.524427
2023	0.0746892
2024	0.258783
2025	0.00524463
2026	0.815372
2027	0.344545
2028	1.06284
2029	1.61772
2030	0.767899
2031	1.05513
2032	0.291023
2033	0.771905
2034	0.616473
2035	1.19196
2036	0.664222
2037	0.0306843
2038	0.134166
2039	1.41738
2040	1.23973
2041	0.729377
2042	0.606373
2043	0.587598
2044	0.522032
2045	-0.00263351
2046	0.633971
2047	0.967566
2048	2.72805
2049	0.524185
2050	0.694361
2051	0.0760686
2052	1.45188
2053	0.198955
2054	-0.00758386
2055	0.495587
2056	0.209456
2057	0.485577
2058	0.257354
2059	0.11074
2060	0.275238
2061	1.13954
2062	0.0905526
2063	0.632839
2064	1.24348
2065	0.303387
2066	0.0632263
2067	1.77155
2068	0.551432
2069	1.48107
2070	0.181854
2071	0.460996
2072	0.964444
2073	0.229203
2074	0.652693
2075	0.486524
2076	0.522598
2077	0.727939
2078	1.18953
2079	0.353522
2080	0.375923
2081	0.696866
2082	0.702233
2083	1.80034
2084	0.022832
2085	0.295558
2086	0.271874
2087	0.173614
2088	0.394188
2089	0.157092
2090	0.173634
2091	0.250214
2092	1.19483
2093	0.610089
2094	0.0615587
2095	-0.00882761
2096	0.290812
2097	0.321711
2098	0.904123
2099	0.865709
2100	0.574917
2101	0.567573
2102	0.132859
2103	1.6613
2104	0.226758
2105	1.18069
2106	0.873151
2107	0.060999
2108	0.664026
2109	0.519735
2110	1.21179
2111	0.266118
2112	0.830814
2113	1.22618
2114	0.798503
2115	0.141285
2116	0.0818685
2117	0.220098
2118	0.728557
2119	0.174622
2120	1.24865
2121	1.0061
2122	0.0991879
2123	0.262375
2124	0.775638
2125	0.857087
2126	0.0989301
2127	0.031463
2128	0.577209
2129	0.153931
2130	0.289128
2131	0.0394607
2132	0.147447
2133	0.785564
2134	0.551934
2135	2.12537
2136	0.705615
2137	0.0211428
2138	0.647124
2139	0.232571
2140	1.26893
2141	0.311847
2142	1.0825
2143	0.111595
2144	0.0534691
2145	0.79043
2146	0.662855
2147	0.0625748
2148	0.905256
2149	0.612456
2150	0.0085956
2151	0.308422
2152	0.766031
2153	0.81118
2154	1.68378
2155	0.703594
2156	1.57986
2157	0.526025
2158	0.198882
2159	0.82842
2160	0.054619
2161	0.265005
2162	1.14817
2163	0.485075
2164	1.18078
2165	3.04983
2166	0.209176
2167	0.823361
2168	0.299776
2169	0.570684
2170	0.419444
2171	0.685512
2172	0.0178182
2173	0.643098
2174	0.717688
2175	1.48925
2176	1.33447
2177	0.982724
2178	-0.00580361
2179	0.779986
2180	0.315775
2181	0.516289
2182	0.00459409
2183	0.652485
2184	0.650015
2185	0.265141
2186	0.147408
2187	1.58166
2188	0.0471665
2189	0.0293541
