0.000107112	-0.666667
0.000321337	-0.552941
0.000535561	-0.545455
0.000749786	-0.431818
0.00096401	-0.298479
0.00117823	-0.262022
0.00139246	-0.222222
0.00160668	-0.219619
0.00182091	-0.206687
0.00203513	-0.196474
0.00224936	-0.188309
0.00246358	-0.170819
0.00267781	-0.159694
0.00289203	-0.153815
0.00310626	-0.148911
0.00332048	-0.148559
0.0035347	-0.146552
0.00374893	-0.143316
0.00396315	-0.133976
0.00417738	-0.130143
0.0043916	-0.126214
0.00460583	-0.117776
0.00482005	-0.114153
0.00503428	-0.113402
0.0052485	-0.112672
0.00546272	-0.111579
0.00567695	-0.108571
0.00589117	-0.105505
0.0061054	-0.105263
0.00631962	-0.102041
0.00653385	-0.100123
0.00674807	-0.0991736
0.0069623	-0.0957447
0.00717652	-0.0947955
0.00739075	-0.0916093
0.00760497	-0.0906736
0.00781919	-0.0896786
0.00803342	-0.0892398
0.00824764	-0.0852476
0.00846187	-0.0773131
0.00867609	-0.077254
0.00889032	-0.0761759
0.00910454	-0.0757215
0.00931877	-0.075714
0.00953299	-0.0752688
0.00974722	-0.0747359
0.00996144	-0.0738725
0.0101757	-0.07289
0.0103899	-0.0724638
0.0106041	-0.0709755
0.0108183	-0.0708922
0.0110326	-0.0703217
0.0112468	-0.0702702
0.011461	-0.0691489
0.0116752	-0.06875
0.0118895	-0.0680272
0.0121037	-0.067768
0.0123179	-0.0661273
0.0125321	-0.0657607
0.0127464	-0.0653061
0.0129606	-0.0650246
0.0131748	-0.064926
0.013389	-0.0642504
0.0136033	-0.0638651
0.0138175	-0.0627944
0.0140317	-0.061494
0.0142459	-0.0606904
0.0144602	-0.0601233
0.0146744	-0.0597711
0.0148886	-0.0595112
0.0151028	-0.0592417
0.0153171	-0.0590831
0.0155313	-0.0588235
0.0157455	-0.0581492
0.0159597	-0.0573961
0.0161739	-0.0572792
0.0163882	-0.0569644
0.0166024	-0.0567686
0.0168166	-0.0564495
0.0170308	-0.056338
0.0172451	-0.0562249
0.0174593	-0.0561595
0.0176735	-0.0558847
0.0178877	-0.055794
0.018102	-0.0555668
0.0183162	-0.0553672
0.0185304	-0.0553242
0.0187446	-0.0553073
0.0189589	-0.0551724
0.0191731	-0.0550622
0.0193873	-0.0548266
0.0196015	-0.0548246
0.0198158	-0.0532867
0.02003	-0.0526316
0.0202442	-0.0525035
0.0204584	-0.052459
0.0206727	-0.0524201
0.0208869	-0.0524099
0.0211011	-0.0523887
0.0213153	-0.0519328
0.0215296	-0.0515118
0.0217438	-0.051032
0.021958	-0.0510178
0.0221722	-0.0506329
0.0223865	-0.0504909
0.0226007	-0.0503551
0.0228149	-0.0503254
0.0230291	-0.0501687
0.0232434	-0.05
0.0234576	-0.0499369
0.0236718	-0.0497237
0.023886	-0.0494037
0.0241003	-0.0492194
0.0243145	-0.0488
0.0245287	-0.0487805
0.0247429	-0.048413
0.0249572	-0.048396
0.0251714	-0.048077
0.0253856	-0.0479798
0.0255998	-0.0479473
0.0258141	-0.0479041
0.0260283	-0.0477252
0.0262425	-0.0472279
0.0264567	-0.0470045
0.026671	-0.0469421
0.0268852	-0.0469092
0.0270994	-0.046875
0.0273136	-0.0468209
0.0275278	-0.0467953
0.0277421	-0.0467289
0.0279563	-0.0464062
0.0281705	-0.0462329
0.0283847	-0.0461419
0.028599	-0.0459909
0.0288132	-0.045977
0.0290274	-0.0459342
0.0292416	-0.0456273
0.0294559	-0.045393
0.0296701	-0.0453334
0.0298843	-0.0451031
0.0300985	-0.0450553
0.0303128	-0.0448718
0.030527	-0.0447762
0.0307412	-0.0447482
0.0309554	-0.0447327
0.0311697	-0.0445353
0.0313839	-0.0443799
0.0315981	-0.044367
0.0318123	-0.0443425
0.0320266	-0.0440636
0.0322408	-0.0440061
0.032455	-0.043956
0.0326692	-0.0438596
0.0328835	-0.0435463
0.0330977	-0.0434608
0.0333119	-0.0434509
0.0335261	-0.0433115
0.0337404	-0.0432031
0.0339546	-0.0430464
0.0341688	-0.0428998
0.034383	-0.042751
0.0345973	-0.0425531
0.0348115	-0.0424029
0.0350257	-0.0422535
0.0352399	-0.0419848
0.0354542	-0.0417891
0.0356684	-0.0414455
0.0358826	-0.0412863
0.0360968	-0.0411764
0.0363111	-0.0410934
0.0365253	-0.0410094
0.0367395	-0.0409982
0.0369537	-0.0409054
0.037168	-0.0408719
0.0373822	-0.0408404
0.0375964	-0.0406504
0.0378106	-0.0405894
0.0380249	-0.0404153
0.0382391	-0.0401814
0.0384533	-0.040025
0.0386675	-0.04
0.0388817	-0.0399556
0.039096	-0.0399429
0.0393102	-0.039916
0.0395244	-0.0397432
0.0397386	-0.0396371
0.0399529	-0.0395809
0.0401671	-0.0395415
0.0403813	-0.0394266
0.0405955	-0.039415
0.0408098	-0.0392442
0.041024	-0.0392157
0.0412382	-0.0391785
0.0414524	-0.0389677
0.0416667	-0.0389611
0.0418809	-0.0387676
0.0420951	-0.0387409
0.0423093	-0.0386791
0.0425236	-0.0386762
0.0427378	-0.038674
0.042952	-0.0386598
0.0431662	-0.0386417
0.0433805	-0.0386101
0.0435947	-0.0385289
0.0438089	-0.0384616
0.0440231	-0.0384616
0.0442374	-0.0383831
0.0444516	-0.0383747
0.0446658	-0.038304
0.04488	-0.0382793
0.0450943	-0.0382659
0.0453085	-0.0380508
0.0455227	-0.0380334
0.0457369	-0.0378813
0.0459512	-0.0377644
0.0461654	-0.0376915
0.0463796	-0.0376879
0.0465938	-0.0374366
0.0468081	-0.0374355
0.0470223	-0.0373831
0.0472365	-0.0371029
0.0474507	-0.0368911
0.047665	-0.0368764
0.0478792	-0.0368732
0.0480934	-0.036817
0.0483076	-0.0367937
0.0485219	-0.0366667
0.0487361	-0.0364963
0.0489503	-0.0364325
0.0491645	-0.0363996
0.0493787	-0.0361095
0.049593	-0.0360902
0.0498072	-0.0359808
0.0500214	-0.0359775
0.0502356	-0.0359772
0.0504499	-0.0359295
0.0506641	-0.0359101
0.0508783	-0.035774
0.0510925	-0.0357143
0.0513068	-0.0356948
0.051521	-0.035644
0.0517352	-0.0356106
0.0519494	-0.0355809
0.0521637	-0.0354889
0.0523779	-0.0354839
0.0525921	-0.0354124
0.0528063	-0.0353982
0.0530206	-0.0353414
0.0532348	-0.0351648
0.053449	-0.0350631
0.0536632	-0.0350404
0.0538775	-0.0350248
0.0540917	-0.0348387
0.0543059	-0.0348101
0.0545201	-0.034689
0.0547344	-0.0345891
0.0549486	-0.0344828
0.0551628	-0.0344827
0.055377	-0.0344487
0.0555913	-0.0344427
0.0558055	-0.0343869
0.0560197	-0.0343035
0.0562339	-0.0342612
0.0564482	-0.0342466
0.0566624	-0.0341088
0.0568766	-0.0340909
0.0570908	-0.0340502
0.0573051	-0.0340426
0.0575193	-0.0340314
0.0577335	-0.0340071
0.0579477	-0.0339092
0.058162	-0.0338983
0.0583762	-0.0338809
0.0585904	-0.0336749
0.0588046	-0.0336673
0.0590189	-0.0335376
0.0592331	-0.0335321
0.0594473	-0.0335196
0.0596615	-0.0334159
0.0598757	-0.0333477
0.06009	-0.0333333
0.0603042	-0.0332889
0.0605184	-0.0332057
0.0607326	-0.033195
0.0609469	-0.0330995
0.0611611	-0.0330397
0.0613753	-0.0330331
0.0615895	-0.0330189
0.0618038	-0.032995
0.062018	-0.032967
0.0622322	-0.0328515
0.0624464	-0.0328177
0.0626607	-0.0328102
0.0628749	-0.0327421
0.0630891	-0.0326797
0.0633033	-0.0326575
0.0635176	-0.0326209
0.0637318	-0.0325843
0.063946	-0.0325571
0.0641602	-0.0323529
0.0643745	-0.032258
0.0645887	-0.0321949
0.0648029	-0.0321442
0.0650171	-0.0320699
0.0652314	-0.0319865
0.0654456	-0.0319719
0.0656598	-0.0319634
0.065874	-0.0319581
0.0660883	-0.0319168
0.0663025	-0.031897
0.0665167	-0.0318471
0.0667309	-0.0317859
0.0669452	-0.0317848
0.0671594	-0.031746
0.0673736	-0.0317346
0.0675878	-0.0316742
0.0678021	-0.0316613
0.0680163	-0.0315086
0.0682305	-0.0314961
0.0684447	-0.0314466
0.068659	-0.031339
0.0688732	-0.0312625
0.0690874	-0.0312078
0.0693016	-0.0311962
0.0695159	-0.0311934
0.0697301	-0.0311526
0.0699443	-0.0311084
0.0701585	-0.0310735
0.0703728	-0.0310345
0.070587	-0.0307229
0.0708012	-0.0306896
0.0710154	-0.0306514
0.0712297	-0.0305911
0.0714439	-0.03051
0.0716581	-0.0303031
0.0718723	-0.0303031
0.0720866	-0.030303
0.0723008	-0.030303
0.072515	-0.0302811
0.0727292	-0.0302613
0.0729434	-0.0301291
0.0731577	-0.0299944
0.0733719	-0.0298211
0.0735861	-0.029782
0.0738003	-0.0297757
0.0740146	-0.0297667
0.0742288	-0.0297177
0.074443	-0.0297029
0.0746572	-0.0296937
0.0748715	-0.0296736
0.0750857	-0.0296443
0.0752999	-0.0296209
0.0755141	-0.0295705
0.0757284	-0.0295061
0.0759426	-0.0294818
0.0761568	-0.0294117
0.076371	-0.0293921
0.0765853	-0.0293088
0.0767995	-0.0291345
0.0770137	-0.028777
0.0772279	-0.028754
0.0774422	-0.02875
0.0776564	-0.0286624
0.0778706	-0.0285715
0.0780848	-0.0285187
0.0782991	-0.0284634
0.0785133	-0.0284519
0.0787275	-0.028395
0.0789417	-0.0283871
0.079156	-0.0282948
0.0793702	-0.0282686
0.0795844	-0.0282686
0.0797986	-0.0282686
0.0800129	-0.0281386
0.0802271	-0.0281155
0.0804413	-0.028065
0.0806555	-0.0280485
0.0808697	-0.0279169
0.081084	-0.0278552
0.0812982	-0.0278233
0.0815124	-0.0277971
0.0817266	-0.0277778
0.0819409	-0.0277009
0.0821551	-0.0276423
0.0823693	-0.0275946
0.0825835	-0.0275441
0.0827978	-0.0274353
0.083012	-0.0274273
0.0832262	-0.0273801
0.0834404	-0.0273536
0.0836547	-0.0273349
0.0838689	-0.0272941
0.0840831	-0.0272548
0.0842973	-0.02725
0.0845116	-0.02718
0.0847258	-0.0271399
0.08494	-0.0271108
0.0851542	-0.0270387
0.0853685	-0.0270378
0.0855827	-0.027011
0.0857969	-0.0270088
0.0860111	-0.0269399
0.0862254	-0.0269038
0.0864396	-0.026837
0.0866538	-0.0267438
0.086868	-0.026738
0.0870823	-0.0266666
0.0872965	-0.0265729
0.0875107	-0.0265612
0.0877249	-0.0265486
0.0879392	-0.0265398
0.0881534	-0.0265258
0.0883676	-0.0265211
0.0885818	-0.0264863
0.0887961	-0.0264151
0.0890103	-0.0263881
0.0892245	-0.0263696
0.0894387	-0.0263158
0.089653	-0.0262949
0.0898672	-0.0262902
0.0900814	-0.0262901
0.0902956	-0.0262721
0.0905099	-0.0262694
0.0907241	-0.026249
0.0909383	-0.0262172
0.0911525	-0.0262123
0.0913668	-0.0262071
0.091581	-0.0261718
0.0917952	-0.0260998
0.0920094	-0.0260364
0.0922237	-0.0260335
0.0924379	-0.0260273
0.0926521	-0.0260193
0.0928663	-0.0259992
0.0930806	-0.0259939
0.0932948	-0.0259366
0.093509	-0.0259276
0.0937232	-0.0259141
0.0939374	-0.0259081
0.0941517	-0.0258947
0.0943659	-0.0258906
0.0945801	-0.0258824
0.0947943	-0.0258621
0.0950086	-0.0258537
0.0952228	-0.0258107
0.095437	-0.0258064
0.0956512	-0.0257464
0.0958655	-0.0257186
0.0960797	-0.0256959
0.0962939	-0.0256677
0.0965081	-0.025641
0.0967224	-0.0255422
0.0969366	-0.0255221
0.0971508	-0.0255102
0.097365	-0.0255048
0.0975793	-0.0254696
0.0977935	-0.0254634
0.0980077	-0.025401
0.0982219	-0.0253623
0.0984362	-0.0252366
0.0986504	-0.0252101
0.0988646	-0.0252068
0.0990788	-0.02513
0.0992931	-0.0250776
0.0995073	-0.0250737
0.0997215	-0.0250728
0.0999357	-0.025
0.10015	-0.025
0.100364	-0.0249605
0.100578	-0.0248447
0.100793	-0.0247814
0.101007	-0.0247678
0.101221	-0.0247574
0.101435	-0.0247574
0.10165	-0.0246154
0.101864	-0.0246069
0.102078	-0.0246002
0.102292	-0.0245967
0.102506	-0.0245944
0.102721	-0.0245864
0.102935	-0.0245536
0.103149	-0.0245499
0.103363	-0.0245478
0.103578	-0.0245399
0.103792	-0.0245327
0.104006	-0.0244756
0.10422	-0.0243903
0.104434	-0.0243799
0.104649	-0.0243387
0.104863	-0.0242884
0.105077	-0.0242704
0.105291	-0.0241935
0.105506	-0.0241935
0.10572	-0.0241657
0.105934	-0.0241327
0.106148	-0.0240618
0.106362	-0.0239874
0.106577	-0.0238978
0.106791	-0.0238717
0.107005	-0.0238585
0.107219	-0.0238095
0.107434	-0.0237888
0.107648	-0.0237389
0.107862	-0.0236978
0.108076	-0.0236968
0.10829	-0.0236629
0.108505	-0.0236221
0.108719	-0.0235988
0.108933	-0.0235927
0.109147	-0.023564
0.109362	-0.0235441
0.109576	-0.0234705
0.10979	-0.0234693
0.110004	-0.0234604
0.110219	-0.0233767
0.110433	-0.0233723
0.110647	-0.0233585
0.110861	-0.0233271
0.111075	-0.0233161
0.11129	-0.0232844
0.111504	-0.0232559
0.111718	-0.0232558
0.111932	-0.0231936
0.112147	-0.0231884
0.112361	-0.0231732
0.112575	-0.0231678
0.112789	-0.0231678
0.113003	-0.0231214
0.113218	-0.0231023
0.113432	-0.023085
0.113646	-0.0230616
0.11386	-0.0229645
0.114075	-0.0229592
0.114289	-0.0229007
0.114503	-0.0228571
0.114717	-0.0228532
0.114931	-0.0228427
0.115146	-0.0228048
0.11536	-0.022792
0.115574	-0.0227364
0.115788	-0.0226843
0.116003	-0.0226295
0.116217	-0.0226293
0.116431	-0.0226266
0.116645	-0.0226244
0.116859	-0.0226131
0.117074	-0.0225933
0.117288	-0.0225735
0.117502	-0.0225353
0.117716	-0.0225247
0.117931	-0.0225171
0.118145	-0.0225075
0.118359	-0.0224719
0.118573	-0.0224698
0.118787	-0.0224467
0.119002	-0.0224386
0.119216	-0.0224073
0.11943	-0.022388
0.119644	-0.0223496
0.119859	-0.0223496
0.120073	-0.022339
0.120287	-0.0223378
0.120501	-0.0222996
0.120716	-0.022293
0.12093	-0.0222842
0.121144	-0.0222786
0.121358	-0.0222552
0.121572	-0.0222372
0.121787	-0.022201
0.122001	-0.0221803
0.122215	-0.0221519
0.122429	-0.0221312
0.122644	-0.0220916
0.122858	-0.022063
0.123072	-0.0220588
0.123286	-0.021997
0.1235	-0.0219744
0.123715	-0.0219298
0.123929	-0.0219261
0.124143	-0.0218978
0.124357	-0.0218799
0.124572	-0.021875
0.124786	-0.0217391
0.125	-0.0216867
0.125214	-0.021669
0.125428	-0.021635
0.125643	-0.0215987
0.125857	-0.021542
0.126071	-0.0215264
0.126285	-0.0215054
0.1265	-0.0214886
0.126714	-0.0214688
0.126928	-0.0214205
0.127142	-0.0213876
0.127356	-0.0213676
0.127571	-0.0213523
0.127785	-0.0213508
0.127999	-0.0213364
0.128213	-0.0213183
0.128428	-0.0213164
0.128642	-0.0212766
0.128856	-0.0212328
0.12907	-0.0212265
0.129284	-0.0211706
0.129499	-0.0211481
0.129713	-0.0211161
0.129927	-0.0210261
0.130141	-0.0209877
0.130356	-0.020979
0.13057	-0.020979
0.130784	-0.0209596
0.130998	-0.0208934
0.131213	-0.0208927
0.131427	-0.0208877
0.131641	-0.0208333
0.131855	-0.0208033
0.132069	-0.0207457
0.132284	-0.0206632
0.132498	-0.0206611
0.132712	-0.0206489
0.132926	-0.0205882
0.133141	-0.020566
0.133355	-0.020566
0.133569	-0.0205278
0.133783	-0.0205128
0.133997	-0.0205004
0.134212	-0.0204873
0.134426	-0.0203821
0.13464	-0.0203707
0.134854	-0.0203462
0.135069	-0.0203244
0.135283	-0.0203016
0.135497	-0.0202827
0.135711	-0.0202792
0.135925	-0.0202779
0.13614	-0.0202666
0.136354	-0.0202492
0.136568	-0.0202487
0.136782	-0.0201864
0.136997	-0.0201778
0.137211	-0.0201743
0.137425	-0.0201729
0.137639	-0.02017
0.137853	-0.0201674
0.138068	-0.0201641
0.138282	-0.020162
0.138496	-0.0201613
0.13871	-0.0201606
0.138925	-0.0200748
0.139139	-0.0200129
0.139353	-0.02
0.139567	-0.0199183
0.139781	-0.0199084
0.139996	-0.0198863
0.14021	-0.0198863
0.140424	-0.0198843
0.140638	-0.019883
0.140853	-0.0198804
0.141067	-0.0198776
0.141281	-0.0198675
0.141495	-0.0198636
0.14171	-0.01983
0.141924	-0.0198263
0.142138	-0.0198146
0.142352	-0.0197869
0.142566	-0.0197801
0.142781	-0.0197406
0.142995	-0.0197263
0.143209	-0.0197133
0.143423	-0.0196987
0.143638	-0.0196924
0.143852	-0.0196467
0.144066	-0.0196353
0.14428	-0.0196327
0.144494	-0.0196078
0.144709	-0.0195745
0.144923	-0.01953
0.145137	-0.0194954
0.145351	-0.0194358
0.145566	-0.0194313
0.14578	-0.0193567
0.145994	-0.0193508
0.146208	-0.0193455
0.146422	-0.0193406
0.146637	-0.019337
0.146851	-0.019334
0.147065	-0.0193133
0.147279	-0.0193115
0.147494	-0.0192678
0.147708	-0.0192307
0.147922	-0.0192196
0.148136	-0.019174
0.14835	-0.0191572
0.148565	-0.0191473
0.148779	-0.0191377
0.148993	-0.0191354
0.149207	-0.0191157
0.149422	-0.0190736
0.149636	-0.0190678
0.14985	-0.0190058
0.150064	-0.0189237
0.150278	-0.0189216
0.150493	-0.0188982
0.150707	-0.0188802
0.150921	-0.0188679
0.151135	-0.0188679
0.15135	-0.0188621
0.151564	-0.0188502
0.151778	-0.0188383
0.151992	-0.0188317
0.152207	-0.0188296
0.152421	-0.0187667
0.152635	-0.0187637
0.152849	-0.0187353
0.153063	-0.0187266
0.153278	-0.0186916
0.153492	-0.0186916
0.153706	-0.0186916
0.15392	-0.0186855
0.154135	-0.0186757
0.154349	-0.0186524
0.154563	-0.0185873
0.154777	-0.0185676
0.154991	-0.0185676
0.155206	-0.0185528
0.15542	-0.018539
0.155634	-0.0185387
0.155848	-0.0185066
0.156063	-0.0185063
0.156277	-0.0184638
0.156491	-0.0184362
0.156705	-0.0183983
0.156919	-0.0183014
0.157134	-0.0182768
0.157348	-0.0182757
0.157562	-0.0182649
0.157776	-0.0182482
0.157991	-0.0182094
0.158205	-0.0181818
0.158419	-0.0181818
0.158633	-0.0181087
0.158847	-0.0180897
0.159062	-0.0180314
0.159276	-0.0179949
0.15949	-0.0179776
0.159704	-0.0179641
0.159919	-0.0179641
0.160133	-0.0179606
0.160347	-0.017943
0.160561	-0.0179372
0.160775	-0.0178981
0.16099	-0.017867
0.161204	-0.0178571
0.161418	-0.0178506
0.161632	-0.0178506
0.161847	-0.0178433
0.162061	-0.0178357
0.162275	-0.0177822
0.162489	-0.0177821
0.162704	-0.0177672
0.162918	-0.0177588
0.163132	-0.0177453
0.163346	-0.0177422
0.16356	-0.0176894
0.163775	-0.0176887
0.163989	-0.0176854
0.164203	-0.017673
0.164417	-0.0176455
0.164632	-0.0176371
0.164846	-0.0176298
0.16506	-0.0176288
0.165274	-0.0176282
0.165488	-0.0175984
0.165703	-0.0175941
0.165917	-0.0175902
0.166131	-0.0175659
0.166345	-0.0175579
0.16656	-0.0175438
0.166774	-0.0175123
0.166988	-0.0174927
0.167202	-0.0174482
0.167416	-0.017417
0.167631	-0.0174166
0.167845	-0.0173985
0.168059	-0.0173912
0.168273	-0.0173622
0.168488	-0.017341
0.168702	-0.0173392
0.168916	-0.0173186
0.16913	-0.0173151
0.169344	-0.0173113
0.169559	-0.0172353
0.169773	-0.017199
0.169987	-0.0171945
0.170201	-0.0171919
0.170416	-0.0171748
0.17063	-0.0171331
0.170844	-0.0171306
0.171058	-0.0171135
0.171272	-0.0171119
0.171487	-0.017094
0.171701	-0.0170808
0.171915	-0.0170404
0.172129	-0.0170303
0.172344	-0.0169995
0.172558	-0.0169851
0.172772	-0.0169762
0.172986	-0.0169492
0.173201	-0.0169492
0.173415	-0.0169491
0.173629	-0.0168965
0.173843	-0.0168669
0.174057	-0.0168628
0.174272	-0.0168598
0.174486	-0.0168404
0.1747	-0.0168068
0.174914	-0.0168067
0.175129	-0.0167984
0.175343	-0.0167891
0.175557	-0.0167865
0.175771	-0.0167653
0.175985	-0.0167535
0.1762	-0.0167525
0.176414	-0.0167505
0.176628	-0.0167364
0.176842	-0.0167154
0.177057	-0.0167095
0.177271	-0.0166667
0.177485	-0.0166667
0.177699	-0.0166667
0.177913	-0.0166271
0.178128	-0.0166114
0.178342	-0.0166028
0.178556	-0.0165803
0.17877	-0.0165746
0.178985	-0.0165414
0.179199	-0.0164999
0.179413	-0.0164981
0.179627	-0.0164452
0.179841	-0.0164368
0.180056	-0.0164234
0.18027	-0.0163392
0.180484	-0.0163222
0.180698	-0.0163214
0.180913	-0.0162297
0.181127	-0.0162036
0.181341	-0.0161725
0.181555	-0.016172
0.181769	-0.01617
0.181984	-0.0161562
0.182198	-0.0161551
0.182412	-0.0161259
0.182626	-0.0160772
0.182841	-0.0160623
0.183055	-0.0160554
0.183269	-0.0160468
0.183483	-0.0160312
0.183698	-0.0160214
0.183912	-0.016
0.184126	-0.0159521
0.18434	-0.0159499
0.184554	-0.0159428
0.184769	-0.0159314
0.184983	-0.0159261
0.185197	-0.0159241
0.185411	-0.0158478
0.185626	-0.0158324
0.18584	-0.0158233
0.186054	-0.0158158
0.186268	-0.0157895
0.186482	-0.0157385
0.186697	-0.0157385
0.186911	-0.0157312
0.187125	-0.0157069
0.187339	-0.0157037
0.187554	-0.0157005
0.187768	-0.0156745
0.187982	-0.0156364
0.188196	-0.0156286
0.18841	-0.015625
0.188625	-0.0156166
0.188839	-0.0156136
0.189053	-0.0155963
0.189267	-0.0155897
0.189482	-0.0155745
0.189696	-0.0154872
0.18991	-0.0154868
0.190124	-0.0154787
0.190338	-0.01546
0.190553	-0.0154321
0.190767	-0.0154241
0.190981	-0.0154241
0.191195	-0.0154048
0.19141	-0.0153846
0.191624	-0.0153743
0.191838	-0.0153658
0.192052	-0.0153374
0.192266	-0.0153369
0.192481	-0.0153304
0.192695	-0.0153302
0.192909	-0.0153257
0.193123	-0.0152358
0.193338	-0.0152254
0.193552	-0.0152128
0.193766	-0.0152092
0.19398	-0.0152027
0.194195	-0.0151976
0.194409	-0.0151868
0.194623	-0.0151637
0.194837	-0.0151485
0.195051	-0.0151261
0.195266	-0.0151243
0.19548	-0.0151134
0.195694	-0.0151134
0.195908	-0.0151096
0.196123	-0.0150987
0.196337	-0.0150865
0.196551	-0.0150812
0.196765	-0.0150582
0.196979	-0.0150538
0.197194	-0.0150236
0.197408	-0.0150151
0.197622	-0.0150072
0.197836	-0.0150071
0.198051	-0.015
0.198265	-0.0149772
0.198479	-0.0149663
0.198693	-0.014959
0.198907	-0.0149415
0.199122	-0.014929
0.199336	-0.0149254
0.19955	-0.0149254
0.199764	-0.0149011
0.199979	-0.0148976
0.200193	-0.0148883
0.200407	-0.0148699
0.200621	-0.0148431
0.200835	-0.0148305
0.20105	-0.014824
0.201264	-0.0148164
0.201478	-0.0148148
0.201692	-0.0148148
0.201907	-0.0147843
0.202121	-0.0147738
0.202335	-0.0147738
0.202549	-0.0147614
0.202763	-0.0147492
0.202978	-0.0147492
0.203192	-0.0147333
0.203406	-0.0147317
0.20362	-0.0147213
0.203835	-0.0147205
0.204049	-0.0147087
0.204263	-0.0147059
0.204477	-0.0146768
0.204692	-0.0146198
0.204906	-0.0146188
0.20512	-0.0146175
0.205334	-0.0145904
0.205548	-0.0145833
0.205763	-0.0145803
0.205977	-0.0145709
0.206191	-0.0145335
0.206405	-0.014517
0.20662	-0.014511
0.206834	-0.014507
0.207048	-0.0144546
0.207262	-0.0144445
0.207476	-0.014443
0.207691	-0.0144404
0.207905	-0.0144353
0.208119	-0.0144347
0.208333	-0.0143836
0.208548	-0.0143833
0.208762	-0.0143266
0.208976	-0.0143266
0.20919	-0.0143187
0.209404	-0.0143085
0.209619	-0.0143073
0.209833	-0.0143027
0.210047	-0.0142898
0.210261	-0.0142621
0.210476	-0.0142618
0.21069	-0.0142388
0.210904	-0.0142232
0.211118	-0.0142119
0.211332	-0.0141931
0.211547	-0.014187
0.211761	-0.0141844
0.211975	-0.0141767
0.212189	-0.0141653
0.212404	-0.0141579
0.212618	-0.0141555
0.212832	-0.0141409
0.213046	-0.0141328
0.213261	-0.0141196
0.213475	-0.0141106
0.213689	-0.014089
0.213903	-0.0140845
0.214117	-0.0139997
0.214332	-0.0139947
0.214546	-0.013986
0.21476	-0.0139577
0.214974	-0.0139476
0.215189	-0.0139276
0.215403	-0.0139258
0.215617	-0.0138889
0.215831	-0.0138724
0.216045	-0.0138684
0.21626	-0.0138162
0.216474	-0.013801
0.216688	-0.0137995
0.216902	-0.0137825
0.217117	-0.0137787
0.217331	-0.0137627
0.217545	-0.0137524
0.217759	-0.0136986
0.217973	-0.0136674
0.218188	-0.0136187
0.218402	-0.0136141
0.218616	-0.0135764
0.21883	-0.0135746
0.219045	-0.013563
0.219259	-0.0135593
0.219473	-0.0135451
0.219687	-0.013544
0.219901	-0.0135396
0.220116	-0.0135263
0.22033	-0.0134771
0.220544	-0.0134731
0.220758	-0.013468
0.220973	-0.013468
0.221187	-0.013437
0.221401	-0.0134268
0.221615	-0.0134228
0.221829	-0.013414
0.222044	-0.0133779
0.222258	-0.013369
0.222472	-0.013369
0.222686	-0.0133262
0.222901	-0.0133181
0.223115	-0.013308
0.223329	-0.0132845
0.223543	-0.0132789
0.223757	-0.0132653
0.223972	-0.0132451
0.224186	-0.013231
0.2244	-0.0132238
0.224614	-0.0132123
0.224829	-0.0131912
0.225043	-0.0131578
0.225257	-0.0131557
0.225471	-0.0131283
0.225686	-0.0131233
0.2259	-0.0131108
0.226114	-0.013079
0.226328	-0.0130765
0.226542	-0.0130672
0.226757	-0.0130457
0.226971	-0.0130119
0.227185	-0.0129871
0.227399	-0.012987
0.227614	-0.0129683
0.227828	-0.0129565
0.228042	-0.0129534
0.228256	-0.012945
0.22847	-0.012945
0.228685	-0.0129259
0.228899	-0.0129247
0.229113	-0.0129188
0.229327	-0.0129179
0.229542	-0.0129108
0.229756	-0.0128957
0.22997	-0.0128721
0.230184	-0.0128388
0.230398	-0.0128252
0.230613	-0.0127979
0.230827	-0.0127592
0.231041	-0.0127551
0.231255	-0.012712
0.23147	-0.0126583
0.231684	-0.0126536
0.231898	-0.012649
0.232112	-0.0126347
0.232326	-0.0126282
0.232541	-0.0126146
0.232755	-0.0126103
0.232969	-0.0125786
0.233183	-0.0125409
0.233398	-0.0125285
0.233612	-0.012512
0.233826	-0.012512
0.23404	-0.0125098
0.234254	-0.0124786
0.234469	-0.0124717
0.234683	-0.0124641
0.234897	-0.0124434
0.235111	-0.0124223
0.235326	-0.0124088
0.23554	-0.0123828
0.235754	-0.0123734
0.235968	-0.0123457
0.236183	-0.012334
0.236397	-0.0122849
0.236611	-0.0122767
0.236825	-0.0122655
0.237039	-0.0122511
0.237254	-0.0122505
0.237468	-0.0122456
0.237682	-0.0122053
0.237896	-0.0121951
0.238111	-0.0121927
0.238325	-0.0121821
0.238539	-0.0121739
0.238753	-0.0121689
0.238967	-0.0121495
0.239182	-0.0121416
0.239396	-0.0121239
0.23961	-0.0121065
0.239824	-0.0120938
0.240039	-0.0120916
0.240253	-0.0120916
0.240467	-0.0120773
0.240681	-0.0120558
0.240895	-0.0120482
0.24111	-0.012018
0.241324	-0.0120172
0.241538	-0.012017
0.241752	-0.0119935
0.241967	-0.0119899
0.242181	-0.0119445
0.242395	-0.0119352
0.242609	-0.0119247
0.242823	-0.0119209
0.243038	-0.0119189
0.243252	-0.0118921
0.243466	-0.0118899
0.24368	-0.0118853
0.243895	-0.0118825
0.244109	-0.0118678
0.244323	-0.0118279
0.244537	-0.0118043
0.244751	-0.0117972
0.244966	-0.0117968
0.24518	-0.0117925
0.245394	-0.0117795
0.245608	-0.0117786
0.245823	-0.0117718
0.246037	-0.0117648
0.246251	-0.0117625
0.246465	-0.0117579
0.24668	-0.0117541
0.246894	-0.0117522
0.247108	-0.0117412
0.247322	-0.0117242
0.247536	-0.0116776
0.247751	-0.0116724
0.247965	-0.0116551
0.248179	-0.0116551
0.248393	-0.0116521
0.248608	-0.0116473
0.248822	-0.0116403
0.249036	-0.0116279
0.24925	-0.0116165
0.249464	-0.0116086
0.249679	-0.0115912
0.249893	-0.0115774
0.250107	-0.0115667
0.250321	-0.0115642
0.250536	-0.0115385
0.25075	-0.0115341
0.250964	-0.0115296
0.251178	-0.0115207
0.251392	-0.0115207
0.251607	-0.0114789
0.251821	-0.0114678
0.252035	-0.011465
0.252249	-0.0114635
0.252464	-0.0114554
0.252678	-0.0114465
0.252892	-0.0114379
0.253106	-0.0114087
0.25332	-0.011396
0.253535	-0.0113914
0.253749	-0.0113673
0.253963	-0.0113529
0.254177	-0.011352
0.254392	-0.0113492
0.254606	-0.0113339
0.25482	-0.0113333
0.255034	-0.0113208
0.255248	-0.0113154
0.255463	-0.0112994
0.255677	-0.0112894
0.255891	-0.0112863
0.256105	-0.0112782
0.25632	-0.0112756
0.256534	-0.0112701
0.256748	-0.0112654
0.256962	-0.0112422
0.257177	-0.011236
0.257391	-0.0111389
0.257605	-0.0110842
0.257819	-0.0110701
0.258033	-0.011065
0.258248	-0.011062
0.258462	-0.0110553
0.258676	-0.0110498
0.25889	-0.0110497
0.259105	-0.0110341
0.259319	-0.0110334
0.259533	-0.0110236
0.259747	-0.0110162
0.259961	-0.0109865
0.260176	-0.010969
0.26039	-0.0109409
0.260604	-0.010917
0.260818	-0.0108912
0.261033	-0.0108905
0.261247	-0.0108849
0.261461	-0.0108372
0.261675	-0.0108017
0.261889	-0.0107914
0.262104	-0.0107914
0.262318	-0.0107868
0.262532	-0.0107248
0.262746	-0.0107206
0.262961	-0.0107143
0.263175	-0.0107108
0.263389	-0.0107066
0.263603	-0.0107002
0.263817	-0.0106998
0.264032	-0.0106789
0.264246	-0.0106761
0.26446	-0.0106667
0.264674	-0.0106383
0.264889	-0.0106345
0.265103	-0.0106078
0.265317	-0.0105758
0.265531	-0.0105541
0.265745	-0.0105471
0.26596	-0.010543
0.266174	-0.0105264
0.266388	-0.0105263
0.266602	-0.0105191
0.266817	-0.010519
0.267031	-0.0105162
0.267245	-0.0104858
0.267459	-0.0104721
0.267674	-0.0104712
0.267888	-0.0104712
0.268102	-0.0104662
0.268316	-0.0104602
0.26853	-0.0104439
0.268745	-0.010437
0.268959	-0.0104302
0.269173	-0.0103986
0.269387	-0.0103897
0.269602	-0.0103871
0.269816	-0.010359
0.27003	-0.010331
0.270244	-0.0103181
0.270458	-0.0103145
0.270673	-0.0103093
0.270887	-0.0103056
0.271101	-0.0102777
0.271315	-0.0102564
0.27153	-0.0102564
0.271744	-0.0102564
0.271958	-0.010252
0.272172	-0.0102507
0.272386	-0.0102492
0.272601	-0.0102302
0.272815	-0.0102237
0.273029	-0.010223
0.273243	-0.0102151
0.273458	-0.0102079
0.273672	-0.010189
0.273886	-0.0101757
0.2741	-0.0101739
0.274314	-0.0101727
0.274529	-0.0101523
0.274743	-0.0101523
0.274957	-0.0101523
0.275171	-0.010101
0.275386	-0.0100894
0.2756	-0.0100831
0.275814	-0.0100671
0.276028	-0.0100659
0.276242	-0.0100617
0.276457	-0.0100575
0.276671	-0.0100502
0.276885	-0.0100334
0.277099	-0.0100316
0.277314	-0.0100306
0.277528	-0.0100287
0.277742	-0.0100125
0.277956	-0.00997998
0.278171	-0.00997175
0.278385	-0.00996462
0.278599	-0.00993377
0.278813	-0.00993369
0.279027	-0.00993099
0.279242	-0.00992746
0.279456	-0.00988874
0.27967	-0.00985918
0.279884	-0.00985644
0.280099	-0.00984178
0.280313	-0.00983933
0.280527	-0.00983019
0.280741	-0.00982092
0.280955	-0.00980909
0.28117	-0.00979327
0.281384	-0.00978997
0.281598	-0.00977877
0.281812	-0.00977198
0.282027	-0.00975083
0.282241	-0.00972716
0.282455	-0.00971834
0.282669	-0.00971803
0.282883	-0.00970352
0.283098	-0.00968035
0.283312	-0.00966183
0.283526	-0.00965667
0.28374	-0.00964688
0.283955	-0.00964534
0.284169	-0.00963086
0.284383	-0.00963078
0.284597	-0.00961754
0.284811	-0.00959232
0.285026	-0.00958466
0.28524	-0.00957108
0.285454	-0.00956937
0.285668	-0.00953894
0.285883	-0.00952947
0.286097	-0.0095238
0.286311	-0.00951399
0.286525	-0.0095012
0.286739	-0.00949248
0.286954	-0.00948368
0.287168	-0.00947863
0.287382	-0.00947709
0.287596	-0.00947609
0.287811	-0.0094737
0.288025	-0.00946588
0.288239	-0.00945317
0.288453	-0.00944509
0.288668	-0.00944388
0.288882	-0.00944388
0.289096	-0.00943396
0.28931	-0.00941812
0.289524	-0.00939459
0.289739	-0.00939459
0.289953	-0.00939055
0.290167	-0.00938966
0.290381	-0.00937325
0.290596	-0.00936928
0.29081	-0.00934579
0.291024	-0.00934579
0.291238	-0.0093214
0.291452	-0.00931735
0.291667	-0.00929813
0.291881	-0.00927686
0.292095	-0.00927231
0.292309	-0.00926711
0.292524	-0.00923787
0.292738	-0.00920844
0.292952	-0.00920814
0.293166	-0.0092081
0.29338	-0.00920748
0.293595	-0.00920244
0.293809	-0.00918835
0.294023	-0.0091762
0.294237	-0.0091743
0.294452	-0.0091743
0.294666	-0.0091743
0.29488	-0.0091603
0.295094	-0.00915919
0.295308	-0.00915834
0.295523	-0.00915331
0.295737	-0.00914974
0.295951	-0.00913241
0.296165	-0.00911961
0.29638	-0.00911853
0.296594	-0.0090909
0.296808	-0.0090909
0.297022	-0.0090726
0.297237	-0.00906806
0.297451	-0.00906346
0.297665	-0.00906338
0.297879	-0.00904976
0.298093	-0.00904976
0.298308	-0.00904976
0.298522	-0.00904441
0.298736	-0.00904154
0.29895	-0.00904134
0.299165	-0.00902424
0.299379	-0.00902305
0.299593	-0.00900224
0.299807	-0.00899468
0.300021	-0.00896778
0.300236	-0.008959
0.30045	-0.00895529
0.300664	-0.00895529
0.300878	-0.00894624
0.301093	-0.00893896
0.301307	-0.00893891
0.301521	-0.00892104
0.301735	-0.00888888
0.301949	-0.00887573
0.302164	-0.00884559
0.302378	-0.00882352
0.302592	-0.00881868
0.302806	-0.00880985
0.303021	-0.00879765
0.303235	-0.00878006
0.303449	-0.00877192
0.303663	-0.00877005
0.303877	-0.00877005
0.304092	-0.00876099
0.304306	-0.00875954
0.30452	-0.00875269
0.304734	-0.00875133
0.304949	-0.00874126
0.305163	-0.00872448
0.305377	-0.00872095
0.305591	-0.00869728
0.305805	-0.00867952
0.30602	-0.00867306
0.306234	-0.00866881
0.306448	-0.00866451
0.306662	-0.008658
0.306877	-0.00865501
0.307091	-0.00864555
0.307305	-0.00864555
0.307519	-0.0086393
0.307734	-0.00863559
0.307948	-0.00863315
0.308162	-0.00863136
0.308376	-0.00862962
0.30859	-0.00862793
0.308805	-0.00860214
0.309019	-0.00859139
0.309233	-0.00858675
0.309447	-0.00858372
0.309662	-0.00855506
0.309876	-0.008547
0.31009	-0.00852878
0.310304	-0.00851214
0.310518	-0.00850828
0.310733	-0.0084746
0.310947	-0.00847457
0.311161	-0.0084656
0.311375	-0.00846262
0.31159	-0.00846151
0.311804	-0.00844746
0.312018	-0.00843891
0.312232	-0.00842458
0.312446	-0.00841354
0.312661	-0.00839828
0.312875	-0.00839108
0.313089	-0.00838574
0.313303	-0.0083824
0.313518	-0.0083799
0.313732	-0.00837988
0.313946	-0.00836433
0.31416	-0.00834492
0.314374	-0.00834404
0.314589	-0.00832501
0.314803	-0.00832339
0.315017	-0.00831026
0.315231	-0.00830918
0.315446	-0.00830059
0.31566	-0.00829875
0.315874	-0.00829527
0.316088	-0.00829183
0.316302	-0.00828826
0.316517	-0.00825309
0.316731	-0.00822671
0.316945	-0.00822372
0.317159	-0.00822107
0.317374	-0.00821972
0.317588	-0.00821537
0.317802	-0.00820797
0.318016	-0.00820641
0.318231	-0.00820234
0.318445	-0.0081871
0.318659	-0.0081744
0.318873	-0.00817214
0.319087	-0.00815217
0.319302	-0.00812232
0.319516	-0.00811912
0.31973	-0.00810182
0.319944	-0.00809968
0.320159	-0.00809716
0.320373	-0.00809062
0.320587	-0.00808318
0.320801	-0.00806454
0.321015	-0.00804729
0.32123	-0.00801877
0.321444	-0.00801599
0.321658	-0.00800725
0.321872	-0.00800713
0.322087	-0.00800587
0.322301	-0.00799433
0.322515	-0.00797717
0.322729	-0.00797393
0.322943	-0.00796896
0.323158	-0.00795112
0.323372	-0.00794334
0.323586	-0.00794112
0.3238	-0.00793658
0.324015	-0.00793658
0.324229	-0.00792085
0.324443	-0.00791299
0.324657	-0.00791002
0.324871	-0.00788515
0.325086	-0.00787874
0.3253	-0.00787037
0.325514	-0.00785079
0.325728	-0.00784988
0.325943	-0.00784689
0.326157	-0.0078411
0.326371	-0.00783294
0.326585	-0.00782286
0.326799	-0.00781758
0.327014	-0.00781249
0.327228	-0.00779226
0.327442	-0.00779226
0.327656	-0.0077864
0.327871	-0.00778129
0.328085	-0.00776533
0.328299	-0.007723
0.328513	-0.00772204
0.328728	-0.00771993
0.328942	-0.00771605
0.329156	-0.00770189
0.32937	-0.00769863
0.329584	-0.0076937
0.329799	-0.0076923
0.330013	-0.00768429
0.330227	-0.0076752
0.330441	-0.00767369
0.330656	-0.00762977
0.33087	-0.00762388
0.331084	-0.00761031
0.331298	-0.0076098
0.331512	-0.00760591
0.331727	-0.00759493
0.331941	-0.00759493
0.332155	-0.00759013
0.332369	-0.0075888
0.332584	-0.00756618
0.332798	-0.00756408
0.333012	-0.00754722
0.333226	-0.00753774
0.33344	-0.00752389
0.333655	-0.00751879
0.333869	-0.00751724
0.334083	-0.00751392
0.334297	-0.0075108
0.334512	-0.00749057
0.334726	-0.00748303
0.33494	-0.00748123
0.335154	-0.00746968
0.335368	-0.00746889
0.335583	-0.0074614
0.335797	-0.00745881
0.336011	-0.00745234
0.336225	-0.00743494
0.33644	-0.00743342
0.336654	-0.00743189
0.336868	-0.00742572
0.337082	-0.00742363
0.337296	-0.0074165
0.337511	-0.00740739
0.337725	-0.00740734
0.337939	-0.00737378
0.338153	-0.0073349
0.338368	-0.00732214
0.338582	-0.00731044
0.338796	-0.0072816
0.33901	-0.0072816
0.339225	-0.00725127
0.339439	-0.0072475
0.339653	-0.00724643
0.339867	-0.00723885
0.340081	-0.00723592
0.340296	-0.00722278
0.34051	-0.00721159
0.340724	-0.00719861
0.340938	-0.00719018
0.341153	-0.00718394
0.341367	-0.00717662
0.341581	-0.00715984
0.341795	-0.00715557
0.342009	-0.00714288
0.342224	-0.00711737
0.342438	-0.00710855
0.342652	-0.0071077
0.342866	-0.00708442
0.343081	-0.00708033
0.343295	-0.00706144
0.343509	-0.00705887
0.343723	-0.00705047
0.343937	-0.00704479
0.344152	-0.00704228
0.344366	-0.0070225
0.34458	-0.0070093
0.344794	-0.00700311
0.345009	-0.00699298
0.345223	-0.00698182
0.345437	-0.00696061
0.345651	-0.00695082
0.345865	-0.00694327
0.34608	-0.00693981
0.346294	-0.00693216
0.346508	-0.00692752
0.346722	-0.00690119
0.346937	-0.0068966
0.347151	-0.00687285
0.347365	-0.00685599
0.347579	-0.00685428
0.347793	-0.00684932
0.348008	-0.00684925
0.348222	-0.00681176
0.348436	-0.00680159
0.34865	-0.00679146
0.348865	-0.00678537
0.349079	-0.0067698
0.349293	-0.00676662
0.349507	-0.00676442
0.349722	-0.0067491
0.349936	-0.00673722
0.35015	-0.00673522
0.350364	-0.00673467
0.350578	-0.006734
0.350793	-0.00672114
0.351007	-0.00671138
0.351221	-0.00670504
0.351435	-0.00668896
0.35165	-0.00668723
0.351864	-0.00666051
0.352078	-0.00663156
0.352292	-0.00662921
0.352506	-0.00660071
0.352721	-0.00658098
0.352935	-0.00657598
0.353149	-0.00657465
0.353363	-0.00656411
0.353578	-0.00655026
0.353792	-0.00654325
0.354006	-0.00654047
0.35422	-0.00650313
0.354434	-0.00647249
0.354649	-0.00645567
0.354863	-0.00641022
0.355077	-0.0064057
0.355291	-0.00639141
0.355506	-0.00638138
0.35572	-0.00637529
0.355934	-0.00636838
0.356148	-0.00636252
0.356362	-0.0063579
0.356577	-0.00635783
0.356791	-0.00634922
0.357005	-0.00634497
0.357219	-0.00633216
0.357434	-0.00628797
0.357648	-0.00628296
0.357862	-0.00627172
0.358076	-0.00626959
0.35829	-0.00626151
0.358505	-0.00624567
0.358719	-0.00623968
0.358933	-0.00622825
0.359147	-0.00621766
0.359362	-0.00621122
0.359576	-0.0062047
0.35979	-0.00619829
0.360004	-0.00619194
0.360218	-0.00617826
0.360433	-0.00617791
0.360647	-0.00617674
0.360861	-0.00617283
0.361075	-0.00617283
0.36129	-0.00617283
0.361504	-0.00617096
0.361718	-0.00617064
0.361932	-0.00616711
0.362147	-0.00615888
0.362361	-0.0061486
0.362575	-0.0061447
0.362789	-0.00614439
0.363003	-0.00612282
0.363218	-0.00610686
0.363432	-0.00609374
0.363646	-0.00608617
0.36386	-0.00607282
0.364075	-0.00607282
0.364289	-0.00607003
0.364503	-0.00605737
0.364717	-0.00604445
0.364931	-0.00604229
0.365146	-0.00604178
0.36536	-0.006006
0.365574	-0.00599859
0.365788	-0.00599826
0.366003	-0.00599812
0.366217	-0.00599189
0.366431	-0.00597014
0.366645	-0.00593077
0.366859	-0.00591819
0.367074	-0.00591715
0.367288	-0.00591137
0.367502	-0.00587663
0.367716	-0.00587246
0.367931	-0.00587055
0.368145	-0.00586702
0.368359	-0.00586513
0.368573	-0.0058609
0.368787	-0.00581395
0.369002	-0.00581056
0.369216	-0.00580266
0.36943	-0.00579815
0.369644	-0.00579561
0.369859	-0.00578034
0.370073	-0.00578034
0.370287	-0.00577929
0.370501	-0.00577714
0.370715	-0.00577499
0.37093	-0.00577294
0.371144	-0.00577294
0.371358	-0.00576604
0.371572	-0.00573432
0.371787	-0.0057311
0.372001	-0.00573065
0.372215	-0.00571433
0.372429	-0.00568181
0.372644	-0.00567375
0.372858	-0.00566249
0.373072	-0.0056557
0.373286	-0.0056338
0.3735	-0.00561794
0.373715	-0.00561108
0.373929	-0.00560537
0.374143	-0.00560224
0.374357	-0.00560224
0.374572	-0.0055967
0.374786	-0.00559007
0.375	-0.00558951
0.375214	-0.00558663
0.375428	-0.00558661
0.375643	-0.00553973
0.375857	-0.00551773
0.376071	-0.00551186
0.376285	-0.00548157
0.3765	-0.00547215
0.376714	-0.00547144
0.376928	-0.00547008
0.377142	-0.00546862
0.377356	-0.00545169
0.377571	-0.00544321
0.377785	-0.00539083
0.377999	-0.00538795
0.378213	-0.00538228
0.378428	-0.00537839
0.378642	-0.00537638
0.378856	-0.00537638
0.37907	-0.00536887
0.379285	-0.00536486
0.379499	-0.00536483
0.379713	-0.00535561
0.379927	-0.00535481
0.380141	-0.00535397
0.380356	-0.00532855
0.38057	-0.00531917
0.380784	-0.00531509
0.380998	-0.00531007
0.381213	-0.00530673
0.381427	-0.00530503
0.381641	-0.00530503
0.381855	-0.00530039
0.382069	-0.00529398
0.382284	-0.00529103
0.382498	-0.005283
0.382712	-0.00527448
0.382926	-0.00526315
0.383141	-0.00524977
0.383355	-0.00524934
0.383569	-0.00524016
0.383783	-0.00523278
0.383997	-0.0052292
0.384212	-0.00521907
0.384426	-0.00521812
0.38464	-0.00521737
0.384854	-0.00521607
0.385069	-0.00520833
0.385283	-0.00520555
0.385497	-0.00519753
0.385711	-0.00519671
0.385925	-0.00518932
0.38614	-0.00518324
0.386354	-0.00518324
0.386568	-0.00518132
0.386782	-0.00516802
0.386997	-0.00516129
0.387211	-0.00515463
0.387425	-0.00515366
0.387639	-0.00515358
0.387853	-0.00514867
0.388068	-0.00514314
0.388282	-0.00512641
0.388496	-0.00512166
0.38871	-0.00511508
0.388925	-0.0051029
0.389139	-0.00509554
0.389353	-0.00508905
0.389567	-0.00508905
0.389782	-0.00508818
0.389996	-0.00507851
0.39021	-0.00506877
0.390424	-0.00506329
0.390638	-0.00506329
0.390853	-0.0050505
0.391067	-0.00503911
0.391281	-0.00503692
0.391495	-0.00502704
0.39171	-0.0050251
0.391924	-0.00501888
0.392138	-0.00501347
0.392352	-0.00500362
0.392566	-0.00500082
0.392781	-0.00497512
0.392995	-0.00496623
0.393209	-0.00496277
0.393423	-0.00496277
0.393638	-0.00496277
0.393852	-0.00495869
0.394066	-0.00494261
0.39428	-0.00493827
0.394494	-0.00493598
0.394709	-0.0049261
0.394923	-0.00490941
0.395137	-0.00490355
0.395351	-0.0048891
0.395566	-0.00488484
0.39578	-0.00486538
0.395994	-0.00485911
0.396208	-0.00485625
0.396422	-0.00481927
0.396637	-0.00481927
0.396851	-0.00481122
0.397065	-0.00480941
0.397279	-0.00480425
0.397494	-0.00479041
0.397708	-0.00478964
0.397922	-0.00475165
0.398136	-0.00473932
0.39835	-0.00473478
0.398565	-0.00471781
0.398779	-0.00471142
0.398993	-0.00470588
0.399207	-0.00468516
0.399422	-0.00466331
0.399636	-0.00465985
0.39985	-0.00465116
0.400064	-0.00464698
0.400278	-0.00462427
0.400493	-0.00461563
0.400707	-0.00461491
0.400921	-0.00460516
0.401135	-0.00458413
0.40135	-0.00458087
0.401564	-0.00457877
0.401778	-0.00456545
0.401992	-0.00456364
0.402207	-0.00456159
0.402421	-0.00455505
0.402635	-0.00454545
0.402849	-0.00453257
0.403063	-0.00453175
0.403278	-0.00449626
0.403492	-0.00449036
0.403706	-0.0044843
0.40392	-0.00448245
0.404135	-0.00448109
0.404349	-0.00446688
0.404563	-0.00446428
0.404777	-0.00446134
0.404991	-0.00444631
0.405206	-0.00443846
0.40542	-0.00442477
0.405634	-0.00442477
0.405848	-0.00441827
0.406063	-0.00441267
0.406277	-0.00440528
0.406491	-0.00440256
0.406705	-0.00440042
0.406919	-0.00439597
0.407134	-0.00437872
0.407348	-0.00436681
0.407562	-0.00436611
0.407776	-0.00435836
0.407991	-0.00434864
0.408205	-0.00434782
0.408419	-0.00434272
0.408633	-0.00434133
0.408847	-0.004329
0.409062	-0.00431332
0.409276	-0.00431121
0.40949	-0.00430665
0.409704	-0.00430109
0.409919	-0.00430006
0.410133	-0.00429647
0.410347	-0.00428905
0.410561	-0.00428724
0.410775	-0.00428724
0.41099	-0.00427917
0.411204	-0.00426113
0.411418	-0.00425679
0.411632	-0.00425459
0.411847	-0.00424628
0.412061	-0.00424303
0.412275	-0.00422386
0.412489	-0.00422299
0.412704	-0.00421934
0.412918	-0.00421052
0.413132	-0.00421052
0.413346	-0.00420936
0.41356	-0.004207
0.413775	-0.00418676
0.413989	-0.00417014
0.414203	-0.00415874
0.414417	-0.00414939
0.414632	-0.00414759
0.414846	-0.00413559
0.41506	-0.00411522
0.415274	-0.00411201
0.415488	-0.00411188
0.415703	-0.00406504
0.415917	-0.00405957
0.416131	-0.00405772
0.416345	-0.00401682
0.41656	-0.004002
0.416774	-0.004
0.416988	-0.00399203
0.417202	-0.00398402
0.417416	-0.00395501
0.417631	-0.00395257
0.417845	-0.00393943
0.418059	-0.00393462
0.418273	-0.00393445
0.418488	-0.00392432
0.418702	-0.00392352
0.418916	-0.00391222
0.41913	-0.00391176
0.419344	-0.0038941
0.419559	-0.00388653
0.419773	-0.00388557
0.419987	-0.00387729
0.420201	-0.00387221
0.420416	-0.00387191
0.42063	-0.00387191
0.420844	-0.00387001
0.421058	-0.00386998
0.421272	-0.00386473
0.421487	-0.00385967
0.421701	-0.0038396
0.421915	-0.0038335
0.422129	-0.00383
0.422344	-0.00381688
0.422558	-0.0038023
0.422772	-0.00379941
0.422986	-0.00379246
0.423201	-0.00378789
0.423415	-0.00378787
0.423629	-0.00372675
0.423843	-0.00372254
0.424057	-0.00366683
0.424272	-0.00366625
0.424486	-0.003663
0.4247	-0.0036349
0.424914	-0.00361991
0.425129	-0.00360894
0.425343	-0.00360551
0.425557	-0.0036054
0.425771	-0.00360145
0.425985	-0.00359712
0.4262	-0.00358423
0.426414	-0.00357409
0.426628	-0.00357143
0.426842	-0.00357029
0.427057	-0.00354926
0.427271	-0.00353858
0.427485	-0.00350877
0.427699	-0.00349652
0.427913	-0.00349652
0.428128	-0.00349532
0.428342	-0.0034924
0.428556	-0.00345721
0.42877	-0.00344432
0.428985	-0.00343938
0.429199	-0.0034293
0.429413	-0.00341301
0.429627	-0.00339363
0.429841	-0.003367
0.430056	-0.00336375
0.43027	-0.00335508
0.430484	-0.00334369
0.430698	-0.00334058
0.430913	-0.00333333
0.431127	-0.00333333
0.431341	-0.00332595
0.431555	-0.00332226
0.431769	-0.00332226
0.431984	-0.00331072
0.432198	-0.00330033
0.432412	-0.0033003
0.432626	-0.00329611
0.432841	-0.00328588
0.433055	-0.00324675
0.433269	-0.00322971
0.433483	-0.00321892
0.433698	-0.00321547
0.433912	-0.00319376
0.434126	-0.00318867
0.43434	-0.00318325
0.434554	-0.00318197
0.434769	-0.00317916
0.434983	-0.00317865
0.435197	-0.0031705
0.435411	-0.00316457
0.435626	-0.00316057
0.43584	-0.00316012
0.436054	-0.00314803
0.436268	-0.00313715
0.436482	-0.00313088
0.436697	-0.0031241
0.436911	-0.00311854
0.437125	-0.00310217
0.437339	-0.00309059
0.437554	-0.00308814
0.437768	-0.00307968
0.437982	-0.00307692
0.438196	-0.00307692
0.43841	-0.00307121
0.438625	-0.00306752
0.438839	-0.00306748
0.439053	-0.00306748
0.439267	-0.00305557
0.439482	-0.00305257
0.439696	-0.00302572
0.43991	-0.00302471
0.440124	-0.00299401
0.440338	-0.00299401
0.440553	-0.00298954
0.440767	-0.00296622
0.440981	-0.00295858
0.441195	-0.00294165
0.44141	-0.00293256
0.441624	-0.00292397
0.441838	-0.0029098
0.442052	-0.00290919
0.442266	-0.00290042
0.442481	-0.0028777
0.442695	-0.00286944
0.442909	-0.00286208
0.443123	-0.00284178
0.443338	-0.00283688
0.443552	-0.00283286
0.443766	-0.00282486
0.44398	-0.00281294
0.444195	-0.0028116
0.444409	-0.002808
0.444623	-0.00280757
0.444837	-0.0027972
0.445051	-0.0027894
0.445266	-0.00277928
0.44548	-0.0027735
0.445694	-0.00275062
0.445908	-0.00273604
0.446123	-0.00273224
0.446337	-0.0027317
0.446551	-0.00273145
0.446765	-0.00271924
0.446979	-0.00271293
0.447194	-0.00271048
0.447408	-0.00268103
0.447622	-0.00265328
0.447836	-0.00265201
0.448051	-0.00264383
0.448265	-0.00264349
0.448479	-0.00263504
0.448693	-0.00263158
0.448907	-0.00262992
0.449122	-0.00261982
0.449336	-0.00261776
0.44955	-0.00261267
0.449764	-0.00261096
0.449979	-0.00260804
0.450193	-0.00260416
0.450407	-0.00260058
0.450621	-0.00260002
0.450835	-0.00254453
0.45105	-0.00253807
0.451264	-0.00253724
0.451478	-0.00253485
0.451692	-0.00252844
0.451907	-0.00252207
0.452121	-0.00251889
0.452335	-0.00251572
0.452549	-0.00251385
0.452763	-0.00248711
0.452978	-0.00248441
0.453192	-0.00248133
0.453406	-0.00247261
0.45362	-0.00246658
0.453835	-0.00246383
0.454049	-0.00243303
0.454263	-0.00242724
0.454477	-0.00242125
0.454692	-0.00241941
0.454906	-0.00238658
0.45512	-0.00236778
0.455334	-0.00235854
0.455548	-0.00234959
0.455763	-0.00234652
0.455977	-0.00233448
0.456191	-0.00232727
0.456405	-0.00232404
0.45662	-0.00232024
0.456834	-0.00231059
0.457048	-0.00230155
0.457262	-0.00230155
0.457476	-0.0022989
0.457691	-0.00229806
0.457905	-0.00228838
0.458119	-0.00228838
0.458333	-0.00227891
0.458548	-0.00227267
0.458762	-0.00226763
0.458976	-0.00226456
0.45919	-0.0022566
0.459404	-0.00224966
0.459619	-0.00224472
0.459833	-0.00222912
0.460047	-0.00221724
0.460261	-0.00221203
0.460476	-0.00221165
0.46069	-0.00220269
0.460904	-0.00220269
0.461118	-0.00219785
0.461332	-0.00218896
0.461547	-0.00217393
0.461761	-0.00216221
0.461975	-0.00215645
0.462189	-0.00214367
0.462404	-0.00213216
0.462618	-0.00212084
0.462832	-0.00210975
0.463046	-0.00210975
0.463261	-0.00209648
0.463475	-0.00209648
0.463689	-0.002092
0.463903	-0.00208545
0.464117	-0.00207575
0.464332	-0.00207471
0.464546	-0.0020682
0.46476	-0.00206652
0.464974	-0.00204156
0.465189	-0.0020253
0.465403	-0.00202424
0.465617	-0.00202393
0.465831	-0.00202025
0.466045	-0.00200808
0.46626	-0.00197978
0.466474	-0.00197234
0.466688	-0.00192488
0.466902	-0.00192083
0.467117	-0.00190354
0.467331	-0.00190118
0.467545	-0.00188915
0.467759	-0.00188328
0.467973	-0.00186259
0.468188	-0.00185499
0.468402	-0.00185327
0.468616	-0.00185009
0.46883	-0.00184676
0.469045	-0.00184669
0.469259	-0.00183146
0.469473	-0.00182047
0.469687	-0.00180698
0.469901	-0.00179529
0.470116	-0.00178314
0.47033	-0.0017787
0.470544	-0.00177519
0.470758	-0.00177246
0.470973	-0.00176402
0.471187	-0.00175743
0.471401	-0.00174859
0.471615	-0.00174548
0.471829	-0.00174335
0.472044	-0.00172513
0.472258	-0.00172112
0.472472	-0.00171229
0.472686	-0.00170455
0.472901	-0.00170217
0.473115	-0.00169783
0.473329	-0.00169094
0.473543	-0.00169066
0.473758	-0.00168496
0.473972	-0.00168204
0.474186	-0.0016701
0.4744	-0.00165563
0.474614	-0.00164073
0.474829	-0.00163938
0.475043	-0.0016158
0.475257	-0.00160517
0.475471	-0.0015974
0.475686	-0.00158986
0.4759	-0.0015898
0.476114	-0.00158145
0.476328	-0.00157895
0.476542	-0.00156631
0.476757	-0.00156613
0.476971	-0.00156386
0.477185	-0.00156211
0.477399	-0.00155955
0.477614	-0.00154736
0.477828	-0.0015411
0.478042	-0.00152522
0.478256	-0.00152158
0.47847	-0.00150041
0.478685	-0.00148656
0.478899	-0.00148172
0.479113	-0.00145989
0.479327	-0.00145564
0.479542	-0.00145345
0.479756	-0.00143966
0.47997	-0.00143656
0.480184	-0.00143567
0.480398	-0.00143111
0.480613	-0.00139164
0.480827	-0.00138285
0.481041	-0.00137901
0.481255	-0.00137738
0.48147	-0.00134972
0.481684	-0.00134842
0.481898	-0.00133537
0.482112	-0.00132928
0.482326	-0.00132184
0.482541	-0.00131554
0.482755	-0.00128532
0.482969	-0.00127041
0.483183	-0.00126998
0.483398	-0.00126239
0.483612	-0.00124458
0.483826	-0.00124226
0.48404	-0.00121572
0.484255	-0.00119535
0.484469	-0.00119392
0.484683	-0.00119046
0.484897	-0.00118666
0.485111	-0.00116828
0.485326	-0.00116766
0.48554	-0.00116395
0.485754	-0.00116282
0.485968	-0.00114725
0.486183	-0.00113553
0.486397	-0.001133
0.486611	-0.00112047
0.486825	-0.00111978
0.487039	-0.00111266
0.487254	-0.00108932
0.487468	-0.00108741
0.487682	-0.00108452
0.487896	-0.00108091
0.488111	-0.00107465
0.488325	-0.00105648
0.488539	-0.00105403
0.488753	-0.00105284
0.488967	-0.00101542
0.489182	-0.00101508
0.489396	-0.00101302
0.48961	-0.00100307
0.489824	-0.000992086
0.490039	-0.000984598
0.490253	-0.000978076
0.490467	-0.000975976
0.490681	-0.000954184
0.490895	-0.000925226
0.49111	-0.000913729
0.491324	-0.000894601
0.491538	-0.000889191
0.491752	-0.00086444
0.491967	-0.00085036
0.492181	-0.000849556
0.492395	-0.000829037
0.492609	-0.000804123
0.492823	-0.000790688
0.493038	-0.00078742
0.493252	-0.000785411
0.493466	-0.000784794
0.49368	-0.000749923
0.493895	-0.000742683
0.494109	-0.000735176
0.494323	-0.000730077
0.494537	-0.00070648
0.494752	-0.000673756
0.494966	-0.000636086
0.49518	-0.000628378
0.495394	-0.000622873
0.495608	-0.00062198
0.495823	-0.000616498
0.496037	-0.000613982
0.496251	-0.000590063
0.496465	-0.000537227
0.49668	-0.000520903
0.496894	-0.000520878
0.497108	-0.00051103
0.497322	-0.000506117
0.497536	-0.000501484
0.497751	-0.000488659
0.497965	-0.000397702
0.498179	-0.000380744
0.498393	-0.00036651
0.498608	-0.000349842
0.498822	-0.000347049
0.499036	-0.000338933
0.49925	-0.000329009
0.499464	-0.0003259
0.499679	-0.000311183
0.499893	-0.000184746
0.500107	-0.000178514
0.500321	-0.000175046
0.500536	-0.000172207
0.50075	-0.000169348
0.500964	-0.000167372
0.501178	-0.000164473
0.501392	0.000155894
0.501607	0.000165947
0.501821	0.00016872
0.502035	0.000174466
0.502249	0.000174924
0.502464	0.000175133
0.502678	0.000180544
0.502892	0.000184199
0.503106	0.000190263
0.50332	0.000200568
0.503535	0.000308162
0.503749	0.000325793
0.503963	0.000328955
0.504177	0.000334624
0.504392	0.000351132
0.504606	0.000360824
0.50482	0.000397702
0.505034	0.000413489
0.505248	0.000421506
0.505463	0.000467343
0.505677	0.000472422
0.505891	0.000510183
0.506105	0.000522354
0.50632	0.000522354
0.506534	0.000524338
0.506748	0.000554814
0.506962	0.000560515
0.507177	0.000587365
0.507391	0.00062045
0.507605	0.000622679
0.507819	0.000631527
0.508033	0.000641
0.508248	0.000667461
0.508462	0.000681498
0.508676	0.000684361
0.50889	0.000685234
0.509105	0.000745241
0.509319	0.000747401
0.509533	0.000770819
0.509747	0.000771414
0.509961	0.000771892
0.510176	0.000772486
0.51039	0.000833321
0.510604	0.000834851
0.510818	0.000858061
0.511033	0.000858209
0.511247	0.000869855
0.511461	0.000918716
0.511675	0.000929517
0.511889	0.00093047
0.512104	0.000945523
0.512318	0.000961894
0.512532	0.000976841
0.512746	0.000976841
0.512961	0.0009793
0.513175	0.0010187
0.513389	0.00102147
0.513603	0.00102816
0.513817	0.00104238
0.514032	0.00106398
0.514246	0.00106616
0.51446	0.00106726
0.514674	0.00107557
0.514889	0.00109412
0.515103	0.00110034
0.515317	0.00111143
0.515531	0.00111734
0.515746	0.00114848
0.51596	0.00115498
0.516174	0.00116105
0.516388	0.00116144
0.516602	0.0011653
0.516817	0.00116678
0.517031	0.00116825
0.517245	0.00117512
0.517459	0.00117686
0.517673	0.0012471
0.517888	0.00125081
0.518102	0.0012565
0.518316	0.00127872
0.51853	0.00127907
0.518745	0.00128105
0.518959	0.0012875
0.519173	0.00129103
0.519387	0.00130324
0.519602	0.00130502
0.519816	0.00131951
0.52003	0.00133159
0.520244	0.0013479
0.520458	0.00135223
0.520673	0.00135774
0.520887	0.00139768
0.521101	0.00140274
0.521315	0.00140323
0.52153	0.00141271
0.521744	0.00141847
0.521958	0.00141893
0.522172	0.00142657
0.522386	0.00142758
0.522601	0.00142907
0.522815	0.00143501
0.523029	0.00145702
0.523243	0.00146275
0.523458	0.00146631
0.523672	0.00148662
0.523886	0.00149205
0.5241	0.00149427
0.524314	0.00150114
0.524529	0.00150146
0.524743	0.00150457
0.524957	0.00152623
0.525171	0.00153149
0.525386	0.00154242
0.5256	0.00154497
0.525814	0.00154683
0.526028	0.00154693
0.526242	0.00156743
0.526457	0.00157652
0.526671	0.00158312
0.526885	0.00158478
0.527099	0.00161327
0.527314	0.00162473
0.527528	0.00162552
0.527742	0.00162685
0.527956	0.00163073
0.528171	0.00163136
0.528385	0.0016331
0.528599	0.00163429
0.528813	0.00163905
0.529027	0.0016515
0.529242	0.00165559
0.529456	0.00165696
0.52967	0.00167723
0.529884	0.00168212
0.530099	0.00169938
0.530313	0.00170413
0.530527	0.00173645
0.530741	0.00175244
0.530955	0.00175507
0.53117	0.00176255
0.531384	0.00178927
0.531598	0.00180477
0.531812	0.00182486
0.532027	0.00183828
0.532241	0.00184668
0.532455	0.00184772
0.532669	0.00186032
0.532883	0.00186374
0.533098	0.00187012
0.533312	0.0018727
0.533526	0.00188497
0.53374	0.00188997
0.533955	0.00189362
0.534169	0.00189749
0.534383	0.00189822
0.534597	0.00190517
0.534811	0.00191209
0.535026	0.00191383
0.53524	0.00191845
0.535454	0.00195244
0.535668	0.00196846
0.535883	0.00200511
0.536097	0.00201164
0.536311	0.00201895
0.536525	0.00201965
0.53674	0.0020329
0.536954	0.00205133
0.537168	0.0020618
0.537382	0.00206393
0.537596	0.00208216
0.537811	0.00209916
0.538025	0.0021031
0.538239	0.00210531
0.538453	0.00212094
0.538668	0.0021235
0.538882	0.00214587
0.539096	0.00214589
0.53931	0.00216878
0.539524	0.00217684
0.539739	0.00218272
0.539953	0.00219303
0.540167	0.00219534
0.540381	0.00220756
0.540596	0.00221233
0.54081	0.00221498
0.541024	0.00223369
0.541238	0.00223969
0.541452	0.00227278
0.541667	0.00227443
0.541881	0.00228055
0.542095	0.00228099
0.542309	0.00228316
0.542524	0.00228577
0.542738	0.00228827
0.542952	0.00229443
0.543166	0.0023042
0.54338	0.00231487
0.543595	0.00232013
0.543809	0.00232563
0.544023	0.00232643
0.544237	0.00233094
0.544452	0.0023326
0.544666	0.00233728
0.54488	0.00236617
0.545094	0.00238929
0.545308	0.00238943
0.545523	0.00239229
0.545737	0.00239526
0.545951	0.00239814
0.546165	0.0024088
0.54638	0.00242675
0.546594	0.00246721
0.546808	0.00247224
0.547022	0.00247399
0.547237	0.00247611
0.547451	0.00248453
0.547665	0.00249198
0.547879	0.00249373
0.548093	0.00249382
0.548308	0.00250453
0.548522	0.00251252
0.548736	0.00251256
0.54895	0.00252008
0.549165	0.00252996
0.549379	0.0025419
0.549593	0.00254773
0.549807	0.00254931
0.550021	0.00256059
0.550236	0.00256855
0.55045	0.00256904
0.550664	0.00257069
0.550878	0.00258732
0.551093	0.00258907
0.551307	0.00259522
0.551521	0.00260756
0.551735	0.00261418
0.551949	0.00261694
0.552164	0.00263372
0.552378	0.00264546
0.552592	0.00266291
0.552806	0.0026729
0.553021	0.00268096
0.553235	0.00268175
0.553449	0.00268478
0.553663	0.00268817
0.553877	0.00269006
0.554092	0.00269185
0.554306	0.00270756
0.55452	0.00271002
0.554734	0.0027144
0.554949	0.00271675
0.555163	0.00271735
0.555377	0.00271739
0.555591	0.00272479
0.555806	0.00272944
0.55602	0.00272973
0.556234	0.0027452
0.556448	0.00274951
0.556662	0.00277392
0.556877	0.00278426
0.557091	0.00278551
0.557305	0.00278936
0.557519	0.00280374
0.557733	0.00280511
0.557948	0.00280555
0.558162	0.0028146
0.558376	0.0028169
0.55859	0.00282087
0.558805	0.00282087
0.559019	0.00282198
0.559233	0.00282885
0.559447	0.00284087
0.559662	0.00284091
0.559876	0.0028495
0.56009	0.00288025
0.560304	0.00288628
0.560518	0.00289862
0.560733	0.00290056
0.560947	0.00290075
0.561161	0.00290275
0.561375	0.00290697
0.56159	0.0029075
0.561804	0.00292066
0.562018	0.00292397
0.562232	0.00293793
0.562446	0.00293827
0.562661	0.00294117
0.562875	0.00294117
0.563089	0.0029545
0.563303	0.00295865
0.563518	0.00296422
0.563732	0.00298507
0.563946	0.00298855
0.56416	0.00298951
0.564374	0.00299397
0.564589	0.00300303
0.564803	0.00302865
0.565017	0.0030303
0.565231	0.00303318
0.565446	0.00303947
0.56566	0.00303951
0.565874	0.00304328
0.566088	0.00304827
0.566302	0.00305343
0.566517	0.0030581
0.566731	0.00305857
0.566945	0.0030859
0.567159	0.00308642
0.567374	0.00308642
0.567588	0.00311074
0.567802	0.00312012
0.568016	0.00313481
0.568231	0.00313874
0.568445	0.00314218
0.568659	0.00314377
0.568873	0.00315195
0.569087	0.00316257
0.569302	0.00316455
0.569516	0.00316657
0.56973	0.0031746
0.569944	0.00317829
0.570159	0.00319152
0.570373	0.00319152
0.570587	0.0032072
0.570801	0.00322694
0.571015	0.00324728
0.57123	0.00325086
0.571444	0.00325799
0.571658	0.00326353
0.571872	0.00326464
0.572087	0.00327511
0.572301	0.00327866
0.572515	0.00327869
0.572729	0.00327869
0.572943	0.00329008
0.573158	0.00329599
0.573372	0.00329599
0.573586	0.00329625
0.5738	0.0033003
0.574015	0.00330689
0.574229	0.00331065
0.574443	0.00332964
0.574657	0.0033333
0.574871	0.00333332
0.575086	0.00333611
0.5753	0.00334448
0.575514	0.00337782
0.575728	0.00338216
0.575943	0.00338525
0.576157	0.00339099
0.576371	0.00339855
0.576585	0.00340465
0.5768	0.00341854
0.577014	0.00342336
0.577228	0.00343642
0.577442	0.00344045
0.577656	0.00344827
0.577871	0.00346245
0.578085	0.00346821
0.578299	0.00347827
0.578513	0.00348432
0.578727	0.00349648
0.578942	0.00350086
0.579156	0.00351357
0.57937	0.00352112
0.579584	0.00352112
0.579799	0.00353421
0.580013	0.00354479
0.580227	0.0035587
0.580441	0.00355931
0.580656	0.00356381
0.58087	0.00356417
0.581084	0.00357577
0.581298	0.00358598
0.581512	0.0035929
0.581727	0.00361575
0.581941	0.00361785
0.582155	0.00362178
0.582369	0.00364963
0.582584	0.00364963
0.582798	0.00365091
0.583012	0.00365534
0.583226	0.00367294
0.58344	0.00367645
0.583655	0.0036924
0.583869	0.00370499
0.584083	0.00370539
0.584297	0.00371825
0.584512	0.00371867
0.584726	0.00372405
0.58494	0.00372692
0.585154	0.00375365
0.585368	0.0037645
0.585583	0.0037657
0.585797	0.00377425
0.586011	0.00380237
0.586225	0.00380519
0.58644	0.00380952
0.586654	0.00382657
0.586868	0.00383141
0.587082	0.00383224
0.587296	0.00383277
0.587511	0.00383403
0.587725	0.00383509
0.587939	0.00384985
0.588153	0.00386624
0.588368	0.00390497
0.588582	0.0039089
0.588796	0.00391544
0.58901	0.0039801
0.589225	0.0039848
0.589439	0.00399005
0.589653	0.00399123
0.589867	0.00399823
0.590081	0.00401188
0.590296	0.00401608
0.59051	0.0040276
0.590724	0.00404525
0.590938	0.00405482
0.591153	0.00406917
0.591367	0.00407719
0.591581	0.00408861
0.591795	0.00408916
0.592009	0.00409505
0.592224	0.00411355
0.592438	0.00411753
0.592652	0.00412297
0.592866	0.00413046
0.593081	0.0041401
0.593295	0.00415012
0.593509	0.004158
0.593723	0.004158
0.593937	0.00417249
0.594152	0.00417451
0.594366	0.00417824
0.59458	0.00418754
0.594794	0.00419956
0.595009	0.0042076
0.595223	0.00421189
0.595437	0.00421234
0.595651	0.00422386
0.595865	0.00422833
0.59608	0.00423005
0.596294	0.00423103
0.596508	0.00423504
0.596722	0.0042373
0.596937	0.00425531
0.597151	0.00425532
0.597365	0.00426476
0.597579	0.00426827
0.597793	0.00426914
0.598008	0.00427527
0.598222	0.00429719
0.598436	0.00431036
0.59865	0.00431762
0.598865	0.00432899
0.599079	0.004329
0.599293	0.00432981
0.599507	0.00433345
0.599721	0.00435321
0.599936	0.00435732
0.60015	0.00436764
0.600364	0.00438114
0.600578	0.004393
0.600793	0.0043956
0.601007	0.0043977
0.601221	0.00440528
0.601435	0.0044053
0.60165	0.0044136
0.601864	0.00441885
0.602078	0.00446183
0.602292	0.00446428
0.602506	0.00446821
0.602721	0.00446997
0.602935	0.00447029
0.603149	0.00447818
0.603363	0.0044843
0.603578	0.0045045
0.603792	0.0045045
0.604006	0.0045045
0.60422	0.00450626
0.604434	0.00452492
0.604649	0.00453562
0.604863	0.00455456
0.605077	0.00455686
0.605291	0.00455923
0.605506	0.0045819
0.60572	0.00459242
0.605934	0.00460093
0.606148	0.00460744
0.606362	0.00460908
0.606577	0.00461893
0.606791	0.0046225
0.607005	0.00462409
0.607219	0.00462963
0.607434	0.00463392
0.607648	0.00464037
0.607862	0.00464037
0.608076	0.00465334
0.60829	0.00467287
0.608505	0.00467292
0.608719	0.00468384
0.608933	0.00470812
0.609147	0.00473938
0.609362	0.00474039
0.609576	0.00475284
0.60979	0.00475513
0.610004	0.00476107
0.610219	0.00476194
0.610433	0.00477539
0.610647	0.00479616
0.610861	0.00481327
0.611075	0.00481927
0.61129	0.00481927
0.611504	0.00485525
0.611718	0.00485706
0.611932	0.0048761
0.612147	0.00488135
0.612361	0.0049067
0.612575	0.00492278
0.612789	0.00494797
0.613003	0.00495049
0.613218	0.00495749
0.613432	0.00495869
0.613646	0.00497512
0.61386	0.00501882
0.614075	0.00502512
0.614289	0.00502512
0.614503	0.00504413
0.614717	0.00504949
0.614931	0.00505316
0.615146	0.00506329
0.61536	0.0050651
0.615574	0.00507336
0.615788	0.00507614
0.616003	0.00508132
0.616217	0.00509333
0.616431	0.00510204
0.616645	0.00511249
0.616859	0.00511974
0.617074	0.0051263
0.617288	0.00513895
0.617502	0.00514144
0.617716	0.00514694
0.617931	0.00514875
0.618145	0.00515209
0.618359	0.00515649
0.618573	0.0051669
0.618787	0.00516795
0.619002	0.00517418
0.619216	0.0051878
0.61943	0.00519103
0.619644	0.00519197
0.619859	0.0051948
0.620073	0.00520283
0.620287	0.005204
0.620501	0.00521923
0.620715	0.00522559
0.62093	0.00522678
0.621144	0.00523015
0.621358	0.00523362
0.621572	0.0052395
0.621787	0.00524271
0.622001	0.00526318
0.622215	0.00526318
0.622429	0.00526587
0.622644	0.00527208
0.622858	0.00527704
0.623072	0.00527704
0.623286	0.005283
0.6235	0.00529243
0.623715	0.00531352
0.623929	0.00531914
0.624143	0.00531914
0.624357	0.00532238
0.624572	0.00532317
0.624786	0.00532708
0.625	0.00533106
0.625214	0.00534188
0.625428	0.00537536
0.625643	0.00538435
0.625857	0.00538795
0.626071	0.0053908
0.626285	0.0053908
0.6265	0.00539083
0.626714	0.00539174
0.626928	0.00540386
0.627142	0.00541032
0.627356	0.00541906
0.627571	0.00541906
0.627785	0.00543333
0.627999	0.00543475
0.628213	0.00543476
0.628428	0.00543715
0.628642	0.0054411
0.628856	0.00544321
0.62907	0.00544531
0.629285	0.00545585
0.629499	0.005473
0.629713	0.00548839
0.629927	0.00549454
0.630141	0.00549843
0.630356	0.00550057
0.63057	0.00551724
0.630784	0.00553649
0.630998	0.00555459
0.631213	0.00555561
0.631427	0.00555699
0.631641	0.00555755
0.631855	0.0055605
0.632069	0.00557879
0.632284	0.00557879
0.632498	0.00558424
0.632712	0.00558476
0.632926	0.00558654
0.633141	0.00559355
0.633355	0.00561508
0.633569	0.0056215
0.633783	0.00562432
0.633997	0.00562453
0.634212	0.00562718
0.634426	0.00562879
0.63464	0.00564353
0.634854	0.00564971
0.635069	0.0056587
0.635283	0.00566351
0.635497	0.00566662
0.635711	0.00567824
0.635925	0.00568186
0.63614	0.0056883
0.636354	0.00569154
0.636568	0.00569844
0.636782	0.00572099
0.636997	0.00572246
0.637211	0.00572246
0.637425	0.0057245
0.637639	0.00572582
0.637853	0.00573682
0.638068	0.00573981
0.638282	0.00574712
0.638496	0.00575355
0.63871	0.00575365
0.638925	0.00576364
0.639139	0.00576428
0.639353	0.00576612
0.639567	0.005767
0.639781	0.00578995
0.639996	0.00579777
0.64021	0.00581395
0.640424	0.00581395
0.640638	0.00582714
0.640853	0.00582834
0.641067	0.0058309
0.641281	0.0058309
0.641495	0.00585714
0.64171	0.0058632
0.641924	0.0058651
0.642138	0.00586717
0.642352	0.00588235
0.642566	0.00588735
0.642781	0.00588868
0.642995	0.00589143
0.643209	0.00590841
0.643423	0.00591722
0.643638	0.00592214
0.643852	0.00592955
0.644066	0.00593422
0.64428	0.00594353
0.644494	0.0059595
0.644709	0.0059625
0.644923	0.00597613
0.645137	0.00599384
0.645351	0.00599671
0.645566	0.00599958
0.64578	0.00600242
0.645994	0.00600242
0.646208	0.0060034
0.646422	0.0060182
0.646637	0.00602409
0.646851	0.00602814
0.647065	0.00602899
0.647279	0.00603729
0.647494	0.0060422
0.647708	0.00604449
0.647922	0.00607067
0.648136	0.00607902
0.64835	0.00609527
0.648565	0.0060976
0.648779	0.00611619
0.648993	0.0061162
0.649207	0.0061183
0.649422	0.00612172
0.649636	0.00613496
0.64985	0.00613614
0.650064	0.00615209
0.650279	0.00615551
0.650493	0.00617701
0.650707	0.006192
0.650921	0.00620346
0.651135	0.00623049
0.65135	0.00624885
0.651564	0.00625745
0.651778	0.00627619
0.651992	0.00628251
0.652207	0.00628493
0.652421	0.00628935
0.652635	0.00629033
0.652849	0.00630369
0.653063	0.00630812
0.653278	0.00631137
0.653492	0.00632376
0.653706	0.00632801
0.65392	0.00633358
0.654135	0.00636031
0.654349	0.00636715
0.654563	0.00638982
0.654777	0.00639663
0.654991	0.00640457
0.655206	0.00641796
0.65542	0.00642844
0.655634	0.00643563
0.655848	0.00647476
0.656063	0.00647555
0.656277	0.00647757
0.656491	0.00648687
0.656705	0.00651177
0.656919	0.00651207
0.657134	0.00651747
0.657348	0.00655055
0.657562	0.00655437
0.657776	0.00657889
0.657991	0.00657894
0.658205	0.00658935
0.658419	0.00661372
0.658633	0.00663718
0.658847	0.00664105
0.659062	0.00665494
0.659276	0.00665779
0.65949	0.00666545
0.659704	0.00668187
0.659919	0.00669412
0.660133	0.00670125
0.660347	0.00670281
0.660561	0.00671135
0.660775	0.00671524
0.66099	0.00671897
0.661204	0.00673673
0.661418	0.00674764
0.661632	0.00675191
0.661847	0.00675191
0.662061	0.00675427
0.662275	0.00676566
0.662489	0.00677089
0.662704	0.00678738
0.662918	0.00678738
0.663132	0.00678876
0.663346	0.00678914
0.66356	0.00680689
0.663775	0.0068146
0.663989	0.00682854
0.664203	0.00683263
0.664417	0.00684782
0.664632	0.00685719
0.664846	0.00685756
0.66506	0.00688078
0.665274	0.00689128
0.665488	0.00689539
0.665703	0.00691249
0.665917	0.00691566
0.666131	0.00693368
0.666345	0.00693702
0.66656	0.00694449
0.666774	0.00694452
0.666988	0.00696159
0.667202	0.00696178
0.667416	0.00696482
0.667631	0.00697348
0.667845	0.00701049
0.668059	0.00701438
0.668273	0.00701759
0.668488	0.00705628
0.668702	0.00705887
0.668916	0.00706707
0.66913	0.00706925
0.669344	0.00708561
0.669559	0.00709071
0.669773	0.0071393
0.669987	0.00714286
0.670201	0.00714604
0.670416	0.00716977
0.67063	0.00718518
0.670844	0.00721497
0.671058	0.00722313
0.671273	0.00723104
0.671487	0.0072401
0.671701	0.00724638
0.671915	0.00725566
0.672129	0.00727272
0.672344	0.00727501
0.672558	0.00727798
0.672772	0.00729323
0.672986	0.00729427
0.6732	0.007326
0.673415	0.007326
0.673629	0.00732602
0.673843	0.00732855
0.674057	0.00733006
0.674272	0.0073443
0.674486	0.00734562
0.6747	0.00735288
0.674914	0.00735292
0.675129	0.00736043
0.675343	0.00737493
0.675557	0.00738013
0.675771	0.00738086
0.675985	0.0073891
0.6762	0.00739938
0.676414	0.00740483
0.676628	0.0074074
0.676842	0.00741011
0.677057	0.00741352
0.677271	0.00741488
0.677485	0.00743886
0.677699	0.00744912
0.677913	0.00745481
0.678128	0.00747197
0.678342	0.00750613
0.678556	0.00750774
0.67877	0.00752776
0.678985	0.00753265
0.679199	0.0075344
0.679413	0.00754151
0.679627	0.0075427
0.679841	0.00754569
0.680056	0.00755288
0.68027	0.00755667
0.680484	0.00755667
0.680698	0.00756928
0.680913	0.00759493
0.681127	0.00759623
0.681341	0.00761118
0.681555	0.00761267
0.681769	0.00762053
0.681984	0.00762195
0.682198	0.00762772
0.682412	0.00764189
0.682626	0.00764657
0.682841	0.00765305
0.683055	0.00765305
0.683269	0.00766183
0.683483	0.00766874
0.683698	0.00766899
0.683912	0.00767263
0.684126	0.00768403
0.68434	0.00769236
0.684554	0.00773201
0.684769	0.00777201
0.684983	0.00778819
0.685197	0.00780967
0.685411	0.00784689
0.685626	0.00784794
0.68584	0.00784931
0.686054	0.00785712
0.686268	0.00787232
0.686482	0.00790123
0.686697	0.00790513
0.686911	0.00791556
0.687125	0.00792078
0.687339	0.00792315
0.687554	0.007926
0.687768	0.0079279
0.687982	0.0079365
0.688196	0.00797114
0.68841	0.00800852
0.688625	0.00801399
0.688839	0.00804562
0.689053	0.0080552
0.689267	0.0080552
0.689482	0.00807901
0.689696	0.00808778
0.68991	0.00808861
0.690124	0.00811198
0.690338	0.00812061
0.690553	0.00812061
0.690767	0.00813961
0.690981	0.00814158
0.691195	0.00814481
0.69141	0.00817999
0.691624	0.00820329
0.691838	0.00820708
0.692052	0.00820793
0.692267	0.00822454
0.692481	0.00822802
0.692695	0.00823044
0.692909	0.00823725
0.693123	0.00826938
0.693338	0.00828014
0.693552	0.00828517
0.693766	0.00828729
0.69398	0.00829875
0.694194	0.00829875
0.694409	0.00830289
0.694623	0.00831456
0.694837	0.00831844
0.695051	0.008324
0.695266	0.00834334
0.69548	0.00834494
0.695694	0.00835652
0.695908	0.00836829
0.696123	0.00836829
0.696337	0.00837211
0.696551	0.00838295
0.696765	0.00840335
0.696979	0.00840477
0.697194	0.00840655
0.697408	0.00843881
0.697622	0.0084507
0.697836	0.00846499
0.698051	0.00847457
0.698265	0.00848249
0.698479	0.00850145
0.698693	0.00851063
0.698907	0.00852272
0.699122	0.00852878
0.699336	0.00854827
0.69955	0.00855926
0.699764	0.00858368
0.699979	0.00858368
0.700193	0.00859876
0.700407	0.00859956
0.700621	0.00860628
0.700835	0.00862072
0.70105	0.00862463
0.701264	0.0086251
0.701478	0.0086342
0.701692	0.00864553
0.701907	0.008658
0.702121	0.00867754
0.702335	0.00868094
0.702549	0.00868584
0.702763	0.00869246
0.702978	0.00872635
0.703192	0.00873734
0.703406	0.00874279
0.70362	0.00874635
0.703835	0.00874977
0.704049	0.00875964
0.704263	0.00876363
0.704477	0.00877192
0.704692	0.00879765
0.704906	0.00880543
0.70512	0.00881056
0.705334	0.00882359
0.705548	0.00882359
0.705763	0.00883001
0.705977	0.0088342
0.706191	0.00884401
0.706405	0.00884955
0.70662	0.00887002
0.706834	0.0088758
0.707048	0.00889996
0.707262	0.00890325
0.707476	0.00891974
0.707691	0.0089222
0.707905	0.00893674
0.708119	0.00894483
0.708333	0.00894947
0.708548	0.00897232
0.708762	0.00897322
0.708976	0.00899702
0.70919	0.0090269
0.709404	0.00903614
0.709619	0.00903667
0.709833	0.00904163
0.710047	0.00904389
0.710261	0.00905569
0.710476	0.0090745
0.71069	0.0090745
0.710904	0.0090909
0.711118	0.00911853
0.711332	0.00912211
0.711547	0.00914795
0.711761	0.00915331
0.711975	0.0091743
0.712189	0.00919539
0.712404	0.00919544
0.712618	0.00919977
0.712832	0.00920244
0.713046	0.00920936
0.71326	0.00923448
0.713475	0.00924699
0.713689	0.00925067
0.713903	0.00927389
0.714117	0.00927909
0.714332	0.00928612
0.714546	0.00928994
0.71476	0.00929023
0.714974	0.00929208
0.715189	0.00931676
0.715403	0.00931948
0.715617	0.00936167
0.715831	0.00938963
0.716045	0.00942284
0.71626	0.00942962
0.716474	0.00944388
0.716688	0.00948535
0.716902	0.0094907
0.717117	0.00949823
0.717331	0.00952388
0.717545	0.00954715
0.717759	0.00955488
0.717973	0.0095559
0.718188	0.00959474
0.718402	0.00961027
0.718616	0.00965667
0.71883	0.00966994
0.719045	0.00968474
0.719259	0.00969829
0.719473	0.00969843
0.719687	0.00971282
0.719901	0.00971282
0.720116	0.00971972
0.72033	0.00972757
0.720544	0.00973396
0.720758	0.00975609
0.720973	0.00978917
0.721187	0.00979381
0.721401	0.00980394
0.721615	0.00983091
0.721829	0.00987981
0.722044	0.00988696
0.722258	0.00991191
0.722472	0.00992886
0.722686	0.00992903
0.722901	0.00993325
0.723115	0.00993747
0.723329	0.00996613
0.723543	0.00997277
0.723758	0.00997511
0.723972	0.01
0.724186	0.0100131
0.7244	0.0100418
0.724614	0.0100418
0.724829	0.010066
0.725043	0.0100737
0.725257	0.0100938
0.725471	0.010118
0.725686	0.0101214
0.7259	0.0101221
0.726114	0.0101241
0.726328	0.0101297
0.726542	0.0101523
0.726757	0.0101567
0.726971	0.0101578
0.727185	0.0101597
0.727399	0.0101723
0.727614	0.0101757
0.727828	0.0101884
0.728042	0.0101988
0.728256	0.0102273
0.72847	0.0102282
0.728685	0.0102286
0.728899	0.0102287
0.729113	0.0102365
0.729327	0.0102366
0.729542	0.0102389
0.729756	0.0102949
0.72997	0.0102975
0.730184	0.0103093
0.730398	0.0103093
0.730613	0.0103189
0.730827	0.010331
0.731041	0.010333
0.731255	0.0103359
0.73147	0.010352
0.731684	0.0103578
0.731898	0.0103674
0.732112	0.0103933
0.732327	0.0103962
0.732541	0.0103986
0.732755	0.0104045
0.732969	0.0104056
0.733183	0.0104166
0.733398	0.0104167
0.733612	0.010433
0.733826	0.0104348
0.73404	0.0104423
0.734254	0.0104576
0.734469	0.0104668
0.734683	0.0104721
0.734897	0.0104762
0.735111	0.0104773
0.735326	0.0105153
0.73554	0.0105263
0.735754	0.0105263
0.735968	0.0105556
0.736183	0.0105624
0.736397	0.0105634
0.736611	0.0105783
0.736825	0.0106101
0.737039	0.0106158
0.737254	0.0106161
0.737468	0.0106284
0.737682	0.010635
0.737896	0.0106589
0.738111	0.0106589
0.738325	0.0106725
0.738539	0.0106838
0.738753	0.0106918
0.738967	0.0106952
0.739182	0.0107067
0.739396	0.0107115
0.73961	0.0107143
0.739824	0.0107274
0.740039	0.0107334
0.740253	0.0107607
0.740467	0.0107686
0.740681	0.0107687
0.740895	0.0107834
0.74111	0.0107997
0.741324	0.0108267
0.741538	0.0108424
0.741752	0.0108443
0.741967	0.0108447
0.742181	0.0108519
0.742395	0.0108565
0.742609	0.0108626
0.742823	0.0108638
0.743038	0.0108659
0.743252	0.010866
0.743466	0.010875
0.74368	0.0108933
0.743895	0.0108959
0.744109	0.0109091
0.744323	0.0109228
0.744537	0.0109489
0.744752	0.0109527
0.744966	0.010989
0.74518	0.010989
0.745394	0.010989
0.745608	0.0110063
0.745823	0.011011
0.746037	0.0110359
0.746251	0.01104
0.746465	0.0110557
0.74668	0.0110577
0.746894	0.0110719
0.747108	0.0111196
0.747322	0.01112
0.747536	0.0111376
0.747751	0.0111421
0.747965	0.0111643
0.748179	0.0111732
0.748393	0.0111995
0.748608	0.0112045
0.748822	0.0112171
0.749036	0.0112272
0.74925	0.01123
0.749464	0.0112417
0.749679	0.0112484
0.749893	0.0112555
0.750107	0.0112613
0.750321	0.0112672
0.750536	0.0112835
0.75075	0.0112871
0.750964	0.0113299
0.751178	0.0113378
0.751392	0.0113421
0.751607	0.0113476
0.751821	0.0113526
0.752035	0.0113721
0.752249	0.0113841
0.752464	0.0113931
0.752678	0.0114286
0.752892	0.0114309
0.753106	0.0114477
0.75332	0.0114775
0.753535	0.0114807
0.753749	0.0114942
0.753963	0.0115207
0.754177	0.0115254
0.754392	0.0115293
0.754606	0.0115304
0.75482	0.0115407
0.755034	0.011542
0.755248	0.0115543
0.755463	0.0115597
0.755677	0.0115727
0.755891	0.0115741
0.756105	0.011583
0.75632	0.0115837
0.756534	0.0115854
0.756748	0.0116062
0.756962	0.0116279
0.757177	0.0116279
0.757391	0.0116321
0.757605	0.0116435
0.757819	0.0116465
0.758033	0.0116498
0.758248	0.0116597
0.758462	0.0116618
0.758676	0.011665
0.75889	0.0116815
0.759105	0.011687
0.759319	0.0116897
0.759533	0.0116897
0.759747	0.0117079
0.759961	0.0117084
0.760176	0.011713
0.76039	0.0117187
0.760604	0.0117196
0.760818	0.0117279
0.761033	0.0117379
0.761247	0.0117457
0.761461	0.011772
0.761675	0.0117971
0.761889	0.0118266
0.762104	0.011828
0.762318	0.0118293
0.762532	0.0118344
0.762746	0.0118483
0.762961	0.0118534
0.763175	0.0118577
0.763389	0.0118745
0.763603	0.0118761
0.763817	0.0119176
0.764032	0.0119233
0.764246	0.0119242
0.76446	0.0119421
0.764674	0.0119595
0.764889	0.0119617
0.765103	0.0119705
0.765317	0.011971
0.765531	0.0119785
0.765746	0.0119888
0.76596	0.0119905
0.766174	0.0119959
0.766388	0.0120015
0.766602	0.0120482
0.766817	0.0120857
0.767031	0.0120968
0.767245	0.0121457
0.767459	0.0121492
0.767673	0.0121681
0.767888	0.0121951
0.768102	0.0122106
0.768316	0.0122441
0.76853	0.0122583
0.768745	0.0122699
0.768959	0.0122725
0.769173	0.0122951
0.769387	0.0123181
0.769602	0.0123278
0.769816	0.0123295
0.77003	0.0123744
0.770244	0.012407
0.770458	0.0124164
0.770673	0.0124481
0.770887	0.0124533
0.771101	0.0124575
0.771315	0.012461
0.77153	0.0124611
0.771744	0.0124719
0.771958	0.0125138
0.772172	0.0125184
0.772386	0.012523
0.772601	0.0125261
0.772815	0.0125261
0.773029	0.0125284
0.773243	0.0125524
0.773458	0.0125571
0.773672	0.0125616
0.773886	0.0125673
0.7741	0.0125786
0.774314	0.0125887
0.774529	0.0125902
0.774743	0.0125939
0.774957	0.0125945
0.775171	0.0126129
0.775386	0.0126583
0.7756	0.0126836
0.775814	0.012685
0.776028	0.0126985
0.776242	0.0127081
0.776457	0.0127092
0.776671	0.0127233
0.776885	0.0127273
0.777099	0.0127331
0.777314	0.012734
0.777528	0.0127432
0.777742	0.0127453
0.777956	0.0127458
0.778171	0.0127571
0.778385	0.012761
0.778599	0.0127621
0.778813	0.0127697
0.779027	0.0128206
0.779242	0.0128388
0.779456	0.012844
0.77967	0.0128597
0.779884	0.0128656
0.780099	0.0128798
0.780313	0.0129789
0.780527	0.012987
0.780741	0.012987
0.780955	0.012987
0.78117	0.0130057
0.781384	0.0130202
0.781598	0.0130223
0.781812	0.0130246
0.782027	0.0130268
0.782241	0.0130464
0.782455	0.0131055
0.782669	0.0131103
0.782883	0.0131554
0.783098	0.0131579
0.783312	0.0131579
0.783526	0.0131579
0.78374	0.0131926
0.783955	0.0132031
0.784169	0.0132399
0.784383	0.0132451
0.784597	0.0132463
0.784811	0.0132463
0.785026	0.013254
0.78524	0.0132589
0.785454	0.0132732
0.785668	0.013289
0.785883	0.0132979
0.786097	0.0133429
0.786311	0.013344
0.786525	0.013347
0.78674	0.0133883
0.786954	0.0134146
0.787168	0.0134195
0.787382	0.0134422
0.787596	0.0134553
0.787811	0.0134804
0.788025	0.0134995
0.788239	0.0135134
0.788453	0.0135746
0.788668	0.0135956
0.788882	0.0135968
0.789096	0.0136131
0.78931	0.013624
0.789524	0.0136402
0.789739	0.0136426
0.789953	0.0136596
0.790167	0.0136627
0.790381	0.0136674
0.790596	0.0136678
0.79081	0.0136756
0.791024	0.0136781
0.791238	0.0136938
0.791452	0.01373
0.791667	0.0137358
0.791881	0.0137566
0.792095	0.0137586
0.792309	0.0138121
0.792524	0.0138127
0.792738	0.0138224
0.792952	0.013835
0.793166	0.013861
0.79338	0.0138696
0.793595	0.0138741
0.793809	0.0138842
0.794023	0.0138889
0.794237	0.0138996
0.794452	0.0139276
0.794666	0.0139394
0.79488	0.0139443
0.795094	0.0139589
0.795308	0.0140056
0.795523	0.0140086
0.795737	0.0140363
0.795951	0.0140365
0.796165	0.014068
0.79638	0.0140713
0.796594	0.0140844
0.796808	0.0141036
0.797022	0.0141509
0.797237	0.0141682
0.797451	0.0141691
0.797665	0.0141701
0.797879	0.0141732
0.798093	0.014177
0.798308	0.0142139
0.798522	0.0142234
0.798736	0.014224
0.79895	0.0142248
0.799165	0.0142362
0.799379	0.0142401
0.799593	0.0142513
0.799807	0.014333
0.800021	0.0143488
0.800236	0.0144139
0.80045	0.014423
0.800664	0.0144509
0.800878	0.0144628
0.801093	0.0144675
0.801307	0.0144757
0.801521	0.0144778
0.801735	0.0144837
0.801949	0.0144927
0.802164	0.0145006
0.802378	0.0145089
0.802592	0.0145349
0.802806	0.0145349
0.803021	0.0145349
0.803235	0.0145577
0.803449	0.0145833
0.803663	0.0145985
0.803877	0.0146015
0.804092	0.0146232
0.804306	0.0146461
0.80452	0.014652
0.804734	0.0146856
0.804949	0.0147059
0.805163	0.0147082
0.805377	0.0147381
0.805591	0.0147493
0.805806	0.014756
0.80602	0.0147621
0.806234	0.0147621
0.806448	0.0147919
0.806662	0.0147973
0.806877	0.014807
0.807091	0.0148166
0.807305	0.0148515
0.807519	0.0148588
0.807733	0.0148699
0.807948	0.0148809
0.808162	0.0148894
0.808376	0.0149083
0.80859	0.0149459
0.808805	0.0149544
0.809019	0.0149556
0.809233	0.0149609
0.809447	0.0149631
0.809662	0.0149942
0.809876	0.0150376
0.81009	0.015061
0.810304	0.0150754
0.810518	0.0150754
0.810733	0.0150829
0.810947	0.0150987
0.811161	0.0151086
0.811375	0.01511
0.81159	0.0151133
0.811804	0.0151163
0.812018	0.0151515
0.812232	0.0151547
0.812446	0.0151547
0.812661	0.0151559
0.812875	0.0151756
0.813089	0.0151867
0.813303	0.0152139
0.813518	0.0152236
0.813732	0.0152477
0.813946	0.0152492
0.81416	0.0152659
0.814374	0.0152672
0.814589	0.0152672
0.814803	0.0152885
0.815017	0.0152905
0.815231	0.015307
0.815446	0.0153212
0.81566	0.0153374
0.815874	0.0153374
0.816088	0.0153568
0.816302	0.0153631
0.816517	0.0153662
0.816731	0.0153907
0.816945	0.0154065
0.817159	0.0154242
0.817374	0.0154526
0.817588	0.0154578
0.817802	0.0154578
0.818016	0.0154691
0.818231	0.0154799
0.818445	0.015507
0.818659	0.015511
0.818873	0.0155211
0.819087	0.0155279
0.819302	0.0155279
0.819516	0.0155317
0.81973	0.015544
0.819944	0.0155522
0.820159	0.0156082
0.820373	0.015625
0.820587	0.0156251
0.820801	0.0156528
0.821015	0.0156658
0.82123	0.0156904
0.821444	0.0156942
0.821658	0.0157069
0.821872	0.0157118
0.822087	0.0157223
0.822301	0.0157422
0.822515	0.015753
0.822729	0.0157658
0.822943	0.0157658
0.823158	0.0157959
0.823372	0.0158057
0.823586	0.0158061
0.8238	0.0158172
0.824015	0.0158547
0.824229	0.015873
0.824443	0.0159022
0.824657	0.0159314
0.824871	0.0159832
0.825086	0.015984
0.8253	0.0159939
0.825514	0.016
0.825728	0.0160524
0.825943	0.0160714
0.826157	0.0160725
0.826371	0.0160985
0.826585	0.0161291
0.8268	0.0161725
0.827014	0.0161725
0.827228	0.0161944
0.827442	0.0162139
0.827656	0.0162399
0.827871	0.0162413
0.828085	0.0162779
0.828299	0.0162907
0.828513	0.016334
0.828727	0.0163568
0.828942	0.0163767
0.829156	0.0163777
0.82937	0.0163783
0.829584	0.0163908
0.829799	0.0164191
0.830013	0.0164609
0.830227	0.0164609
0.830441	0.016467
0.830656	0.016467
0.83087	0.0164745
0.831084	0.0164835
0.831298	0.0164845
0.831512	0.016504
0.831727	0.0165324
0.831941	0.0165394
0.832155	0.0165563
0.832369	0.0165563
0.832584	0.0165564
0.832798	0.0165832
0.833012	0.0165882
0.833226	0.0165962
0.83344	0.0166113
0.833655	0.0166113
0.833869	0.0166161
0.834083	0.0166225
0.834297	0.0166982
0.834512	0.0167136
0.834726	0.0167365
0.83494	0.0167597
0.835154	0.0167866
0.835368	0.0167939
0.835583	0.0167958
0.835797	0.0168068
0.836011	0.016857
0.836225	0.016857
0.83644	0.0168832
0.836654	0.0168919
0.836868	0.0169109
0.837082	0.0169491
0.837296	0.0169491
0.837511	0.016975
0.837725	0.0170212
0.837939	0.0170317
0.838153	0.0170608
0.838368	0.0170637
0.838582	0.0170741
0.838796	0.0170745
0.83901	0.0171103
0.839225	0.0171209
0.839439	0.0171821
0.839653	0.0172084
0.839867	0.0172098
0.840081	0.0172166
0.840296	0.0172414
0.84051	0.0172615
0.840724	0.0172633
0.840938	0.0172662
0.841153	0.0172732
0.841367	0.017316
0.841581	0.0173482
0.841795	0.0173508
0.842009	0.0173574
0.842224	0.0173611
0.842438	0.0173639
0.842652	0.0174825
0.842866	0.0174927
0.843081	0.0175077
0.843295	0.0175185
0.843509	0.0175707
0.843723	0.0175747
0.843937	0.0175872
0.844152	0.0176037
0.844366	0.0176257
0.84458	0.0176302
0.844794	0.017647
0.845009	0.0176626
0.845223	0.0177345
0.845437	0.0177515
0.845651	0.0177546
0.845865	0.0177605
0.84608	0.01777
0.846294	0.0178047
0.846508	0.0178396
0.846722	0.0178496
0.846937	0.0178901
0.847151	0.0179156
0.847365	0.0179237
0.847579	0.0179249
0.847793	0.017926
0.848008	0.0179596
0.848222	0.0179677
0.848436	0.0179949
0.84865	0.0180079
0.848865	0.0180493
0.849079	0.0180587
0.849293	0.0180685
0.849507	0.0180755
0.849721	0.0180781
0.849936	0.0181248
0.85015	0.0181379
0.850364	0.0181665
0.850578	0.0181818
0.850793	0.018193
0.851007	0.0182174
0.851221	0.0182789
0.851435	0.0183006
0.85165	0.0183066
0.851864	0.0183486
0.852078	0.0183596
0.852292	0.0183777
0.852506	0.0184049
0.852721	0.0184269
0.852935	0.0184276
0.853149	0.0184332
0.853363	0.0184757
0.853578	0.0185185
0.853792	0.0185253
0.854006	0.018545
0.85422	0.0185736
0.854434	0.0185954
0.854649	0.0186014
0.854863	0.0186237
0.855077	0.0186644
0.855291	0.0186853
0.855506	0.018688
0.85572	0.018711
0.855934	0.0187231
0.856148	0.0187315
0.856362	0.0187843
0.856577	0.0187971
0.856791	0.0187989
0.857005	0.0188042
0.857219	0.0188088
0.857434	0.0188251
0.857648	0.0188314
0.857862	0.0188491
0.858076	0.0188601
0.85829	0.0188679
0.858505	0.0188679
0.858719	0.018868
0.858933	0.0188917
0.859147	0.0188946
0.859362	0.0189702
0.859576	0.0189784
0.85979	0.0190247
0.860004	0.0190439
0.860219	0.0190512
0.860433	0.0190678
0.860647	0.0190896
0.860861	0.0191199
0.861075	0.0191257
0.86129	0.0191338
0.861504	0.0191447
0.861718	0.0191592
0.861932	0.0191831
0.862147	0.0191909
0.862361	0.0192308
0.862575	0.0192926
0.862789	0.0193468
0.863003	0.0193627
0.863218	0.0193798
0.863432	0.0194341
0.863646	0.0194932
0.86386	0.0195204
0.864075	0.019648
0.864289	0.0196561
0.864503	0.0196808
0.864717	0.0197675
0.864931	0.019781
0.865146	0.0198047
0.86536	0.0198265
0.865574	0.0198524
0.865788	0.0198676
0.866003	0.0198761
0.866217	0.0198903
0.866431	0.0199005
0.866645	0.0199171
0.866859	0.0199366
0.867074	0.02
0.867288	0.020025
0.867502	0.0200338
0.867716	0.0200364
0.867931	0.0200602
0.868145	0.0201005
0.868359	0.0201052
0.868573	0.0201186
0.868787	0.0201448
0.869002	0.0201474
0.869216	0.0201577
0.86943	0.0201794
0.869644	0.020202
0.869859	0.0202421
0.870073	0.0202605
0.870287	0.0203252
0.870501	0.0203367
0.870715	0.0203722
0.87093	0.0204081
0.871144	0.0204302
0.871358	0.0204449
0.871572	0.020446
0.871787	0.0204604
0.872001	0.0204673
0.872215	0.0204679
0.872429	0.0204715
0.872644	0.0204761
0.872858	0.0204862
0.873072	0.0204895
0.873286	0.0204918
0.8735	0.0205128
0.873715	0.0205172
0.873929	0.0205683
0.874143	0.0205799
0.874357	0.0205854
0.874572	0.020597
0.874786	0.0205986
0.875	0.0206328
0.875214	0.020649
0.875428	0.0206897
0.875643	0.0207017
0.875857	0.0207026
0.876071	0.020734
0.876285	0.0207632
0.8765	0.0207715
0.876714	0.0207723
0.876928	0.0207735
0.877142	0.0207853
0.877356	0.020787
0.877571	0.0208206
0.877785	0.0208333
0.877999	0.0208768
0.878213	0.0209206
0.878428	0.0209424
0.878642	0.0209658
0.878856	0.0209895
0.87907	0.0209936
0.879285	0.0211267
0.879499	0.021136
0.879713	0.0211864
0.879927	0.0212263
0.880141	0.0212325
0.880356	0.0212608
0.88057	0.0212848
0.880784	0.0213408
0.880998	0.0213447
0.881213	0.0213523
0.881427	0.0213605
0.881641	0.0213777
0.881855	0.0214247
0.882069	0.0214429
0.882284	0.0214507
0.882498	0.0214592
0.882712	0.0214641
0.882926	0.0215444
0.883141	0.0215467
0.883355	0.021551
0.883569	0.0215714
0.883783	0.0215716
0.883997	0.0216225
0.884212	0.0216323
0.884426	0.0216963
0.88464	0.0217028
0.884854	0.0217956
0.885069	0.0218026
0.885283	0.0218068
0.885497	0.0218157
0.885711	0.0218308
0.885925	0.0218555
0.88614	0.021858
0.886354	0.0219
0.886568	0.0219035
0.886782	0.0219092
0.886997	0.0220187
0.887211	0.0220326
0.887425	0.0220531
0.887639	0.0220735
0.887853	0.0221031
0.888068	0.0221408
0.888282	0.0221525
0.888496	0.0221606
0.88871	0.0221606
0.888925	0.0221703
0.889139	0.022246
0.889353	0.0222649
0.889567	0.0222669
0.889781	0.022279
0.889996	0.022293
0.89021	0.022309
0.890424	0.0223091
0.890638	0.0223351
0.890853	0.0223463
0.891067	0.0224138
0.891281	0.022481
0.891495	0.0225118
0.89171	0.0225695
0.891924	0.0225858
0.892138	0.0225988
0.892352	0.0226095
0.892566	0.0226101
0.892781	0.0226104
0.892995	0.0226376
0.893209	0.0226484
0.893423	0.0227121
0.893638	0.0227125
0.893852	0.0227394
0.894066	0.022863
0.89428	0.022886
0.894494	0.0228927
0.894709	0.0228993
0.894923	0.0229846
0.895137	0.0229885
0.895351	0.0229885
0.895566	0.0230622
0.89578	0.0230822
0.895994	0.0231066
0.896208	0.0231116
0.896422	0.0231214
0.896637	0.0231406
0.896851	0.0231533
0.897065	0.0231608
0.897279	0.0231879
0.897494	0.0232276
0.897708	0.0232365
0.897922	0.0232558
0.898136	0.0232656
0.89835	0.0233063
0.898565	0.0233196
0.898779	0.0233236
0.898993	0.0233463
0.899207	0.0234082
0.899422	0.0234433
0.899636	0.0234594
0.89985	0.0235014
0.900064	0.0235571
0.900279	0.0235989
0.900493	0.023622
0.900707	0.0236548
0.900921	0.0236611
0.901135	0.0236768
0.90135	0.0237204
0.901564	0.0237226
0.901778	0.0237529
0.901992	0.0237834
0.902207	0.0238095
0.902421	0.0238942
0.902635	0.0239652
0.902849	0.024024
0.903063	0.024055
0.903278	0.0240826
0.903492	0.0240915
0.903706	0.0241445
0.90392	0.0241462
0.904135	0.0242022
0.904349	0.0242291
0.904563	0.0242424
0.904777	0.024253
0.904991	0.0242616
0.905206	0.0242737
0.90542	0.0242906
0.905634	0.0243415
0.905848	0.0243705
0.906063	0.0243903
0.906277	0.024415
0.906491	0.0244186
0.906705	0.024456
0.906919	0.0244626
0.907134	0.0244688
0.907348	0.0244755
0.907562	0.0244798
0.907776	0.0245031
0.907991	0.0245184
0.908205	0.0245901
0.908419	0.024666
0.908633	0.0246914
0.908847	0.0247525
0.909062	0.0247678
0.909276	0.0247748
0.90949	0.0247934
0.909704	0.0248159
0.909919	0.0248668
0.910133	0.0249221
0.910347	0.024932
0.910561	0.0249618
0.910775	0.0249649
0.91099	0.025
0.911204	0.0250298
0.911418	0.0250313
0.911632	0.025058
0.911847	0.0250696
0.912061	0.0252101
0.912275	0.0252188
0.912489	0.0252207
0.912704	0.0252366
0.912918	0.0253365
0.913132	0.0253511
0.913346	0.0254348
0.91356	0.0254741
0.913775	0.0255474
0.913989	0.0255909
0.914203	0.0256072
0.914417	0.0256294
0.914632	0.0256307
0.914846	0.0256411
0.91506	0.0256411
0.915274	0.0257234
0.915488	0.0257453
0.915703	0.0257467
0.915917	0.0257957
0.916131	0.0257977
0.916345	0.0258302
0.91656	0.0258334
0.916774	0.0258359
0.916988	0.0258427
0.917202	0.025862
0.917416	0.0259067
0.917631	0.0259259
0.917845	0.0260237
0.918059	0.0260439
0.918273	0.0261573
0.918488	0.026208
0.918702	0.0262664
0.918916	0.0263158
0.91913	0.0264097
0.919344	0.0264504
0.919559	0.0264574
0.919773	0.0264624
0.919987	0.0264678
0.920201	0.0265252
0.920416	0.0265306
0.92063	0.0265596
0.920844	0.026616
0.921058	0.0266267
0.921273	0.0266446
0.921487	0.0267296
0.921701	0.0267379
0.921915	0.0267431
0.922129	0.0267442
0.922344	0.0267507
0.922558	0.026831
0.922772	0.0268442
0.922986	0.0269038
0.9232	0.0269058
0.923415	0.0269058
0.923629	0.0269567
0.923843	0.0270563
0.924057	0.0271012
0.924272	0.0271471
0.924486	0.0271909
0.9247	0.0273093
0.924914	0.0273529
0.925129	0.0274341
0.925343	0.0275529
0.925557	0.0275814
0.925771	0.027668
0.925985	0.0276923
0.9262	0.0278099
0.926414	0.0278403
0.926628	0.0279129
0.926842	0.0280173
0.927057	0.0280202
0.927271	0.028048
0.927485	0.0281764
0.927699	0.028217
0.927913	0.0282332
0.928128	0.0282486
0.928342	0.0282486
0.928556	0.0283019
0.92877	0.0283199
0.928985	0.0283592
0.929199	0.0283734
0.929413	0.028471
0.929627	0.0285088
0.929841	0.0285166
0.930056	0.0286025
0.93027	0.0286396
0.930484	0.0288461
0.930698	0.02886
0.930913	0.0288889
0.931127	0.0289423
0.931341	0.0289501
0.931555	0.0289952
0.931769	0.0290684
0.931984	0.0290929
0.932198	0.0290999
0.932412	0.0291707
0.932626	0.0292181
0.932841	0.0292231
0.933055	0.0292398
0.933269	0.0292398
0.933483	0.0292479
0.933698	0.0292683
0.933912	0.0293226
0.934126	0.0294117
0.93434	0.0294117
0.934554	0.029501
0.934769	0.0295255
0.934983	0.0295857
0.935197	0.0296909
0.935411	0.0296945
0.935626	0.029703
0.93584	0.0297398
0.936054	0.0298047
0.936268	0.0298062
0.936482	0.0298402
0.936697	0.0298451
0.936911	0.0298507
0.937125	0.029976
0.937339	0.0300283
0.937554	0.0300376
0.937768	0.0301168
0.937982	0.0301205
0.938196	0.0301746
0.93841	0.0302524
0.938625	0.030303
0.938839	0.0303031
0.939053	0.0303491
0.939267	0.0304105
0.939482	0.030504
0.939696	0.0306242
0.93991	0.0307168
0.940124	0.0307693
0.940338	0.030825
0.940553	0.0308589
0.940767	0.0309382
0.940981	0.0309382
0.941195	0.0309403
0.94141	0.0309474
0.941624	0.030957
0.941838	0.0310016
0.942052	0.0311004
0.942267	0.0311498
0.942481	0.0311498
0.942695	0.03125
0.942909	0.0313774
0.943123	0.0316092
0.943338	0.0316344
0.943552	0.0317069
0.943766	0.0317125
0.94398	0.0317941
0.944194	0.0318979
0.944409	0.0319149
0.944623	0.0319149
0.944837	0.0319693
0.945051	0.0321102
0.945266	0.0321593
0.94548	0.032247
0.945694	0.0322507
0.945908	0.032394
0.946123	0.0324156
0.946337	0.0325399
0.946551	0.032543
0.946765	0.0326538
0.946979	0.0326927
0.947194	0.0329411
0.947408	0.0331412
0.947622	0.0331951
0.947836	0.0332847
0.948051	0.0333334
0.948265	0.033402
0.948479	0.0334347
0.948693	0.0335861
0.948907	0.0335893
0.949122	0.0335979
0.949336	0.0336724
0.94955	0.0338075
0.949764	0.0338823
0.949979	0.0339101
0.950193	0.0340187
0.950407	0.03411
0.950621	0.034188
0.950835	0.0343776
0.95105	0.0344923
0.951264	0.0345688
0.951478	0.0347781
0.951692	0.034835
0.951907	0.0348618
0.952121	0.0348693
0.952335	0.0350459
0.952549	0.035059
0.952763	0.0351438
0.952978	0.0351438
0.953192	0.0351942
0.953406	0.0352
0.95362	0.0353096
0.953835	0.0353945
0.954049	0.035545
0.954263	0.0355489
0.954477	0.0359281
0.954692	0.036
0.954906	0.036019
0.95512	0.0360576
0.955334	0.0362595
0.955548	0.0362903
0.955763	0.0363074
0.955977	0.0363281
0.956191	0.0363524
0.956405	0.0364146
0.95662	0.0366973
0.956834	0.0367648
0.957048	0.0367906
0.957262	0.0368282
0.957476	0.0368912
0.957691	0.037022
0.957905	0.0370817
0.958119	0.0370824
0.958333	0.0371486
0.958548	0.0371901
0.958762	0.0372285
0.958976	0.0372456
0.95919	0.0372649
0.959404	0.0373692
0.959619	0.0375554
0.959833	0.037657
0.960047	0.0376992
0.960261	0.0377174
0.960476	0.0379311
0.96069	0.0382273
0.960904	0.0383632
0.961118	0.0383877
0.961332	0.0386864
0.961547	0.0389304
0.961761	0.0389329
0.961975	0.039086
0.962189	0.0390921
0.962404	0.0391304
0.962618	0.0394107
0.962832	0.0395335
0.963046	0.0396548
0.96326	0.0396739
0.963475	0.0397429
0.963689	0.0397623
0.963903	0.0398406
0.964117	0.0398975
0.964332	0.0400319
0.964546	0.0400661
0.96476	0.0403153
0.964974	0.0403587
0.965189	0.0404412
0.965403	0.0408635
0.965617	0.0408719
0.965831	0.0408781
0.966045	0.0410714
0.96626	0.0411332
0.966474	0.0411576
0.966688	0.0413073
0.966902	0.0413437
0.967117	0.0413766
0.967331	0.0419139
0.967545	0.0420378
0.967759	0.0421052
0.967973	0.0421073
0.968188	0.0421169
0.968402	0.0421182
0.968616	0.0422535
0.96883	0.0422822
0.969045	0.0424195
0.969259	0.0425532
0.969473	0.0426018
0.969687	0.0428823
0.969901	0.0429293
0.970116	0.0430622
0.97033	0.0432433
0.970544	0.0433566
0.970758	0.0435154
0.970973	0.04355
0.971187	0.0437743
0.971401	0.0438881
0.971615	0.0439145
0.971829	0.0439561
0.972044	0.0440968
0.972258	0.0441478
0.972472	0.0441898
0.972686	0.0442936
0.972901	0.044492
0.973115	0.0445525
0.973329	0.0449399
0.973543	0.045
0.973758	0.0452234
0.973972	0.0456902
0.974186	0.0458167
0.9744	0.0460514
0.974614	0.0460992
0.974829	0.0461538
0.975043	0.0462232
0.975257	0.0466948
0.975471	0.0467836
0.975686	0.046841
0.9759	0.0469329
0.976114	0.0469799
0.976328	0.0470738
0.976542	0.0474376
0.976757	0.0474445
0.976971	0.0476191
0.977185	0.0479141
0.977399	0.0479391
0.977614	0.0481304
0.977828	0.0483262
0.978042	0.0483801
0.978256	0.0484512
0.97847	0.0485436
0.978685	0.0488327
0.978899	0.0489609
0.979113	0.0491559
0.979327	0.0494505
0.979542	0.0496795
0.979756	0.0498912
0.97997	0.05
0.980184	0.05
0.980398	0.0501138
0.980613	0.0502388
0.980827	0.0504451
0.981041	0.0508475
0.981255	0.0509708
0.98147	0.0524194
0.981684	0.052704
0.981898	0.0528
0.982112	0.0528284
0.982327	0.0529844
0.982541	0.0530174
0.982755	0.0533925
0.982969	0.0535997
0.983183	0.0536122
0.983398	0.0537313
0.983612	0.0537345
0.983826	0.054054
0.98404	0.0542556
0.984254	0.0560545
0.984469	0.0566572
0.984683	0.0571429
0.984897	0.0576441
0.985111	0.0577738
0.985326	0.0580808
0.98554	0.0581774
0.985754	0.0582525
0.985968	0.0585166
0.986183	0.0585807
0.986397	0.0586993
0.986611	0.0590219
0.986825	0.0591145
0.987039	0.0593294
0.987254	0.0595744
0.987468	0.0596027
0.987682	0.060142
0.987896	0.0601504
0.988111	0.0602485
0.988325	0.0604316
0.988539	0.0608737
0.988753	0.061294
0.988967	0.0613529
0.989182	0.0641466
0.989396	0.0660348
0.98961	0.0665055
0.989824	0.0677563
0.990039	0.0691288
0.990253	0.0722223
0.990467	0.073963
0.990681	0.074522
0.990895	0.0758293
0.99111	0.0758642
0.991324	0.0773784
0.991538	0.0791476
0.991752	0.0799257
0.991967	0.0812325
0.992181	0.0822206
0.992395	0.0825806
0.992609	0.083868
0.992823	0.0853658
0.993038	0.0861745
0.993252	0.088
0.993466	0.0887687
0.99368	0.089196
0.993895	0.0915493
0.994109	0.0924499
0.994323	0.0930233
0.994537	0.097032
0.994752	0.1
0.994966	0.104701
0.99518	0.106061
0.995394	0.106427
0.995608	0.11076
0.995823	0.115224
0.996037	0.119658
0.996251	0.136126
0.996465	0.145833
0.99668	0.152174
0.996894	0.160494
0.997108	0.172222
0.997322	0.178621
0.997536	0.184259
0.997751	0.192786
0.997965	0.220273
0.998179	0.220339
0.998393	0.220624
0.998608	0.237741
0.998822	0.249573
0.999036	0.25
0.99925	0.260197
0.999464	0.286777
0.999679	0.333333
0.999893	0.827451
